Using pip 23.3.2 from /usr/local/lib/python3.12/site-packages/pip (python 3.12)
Looking in indexes: http://pypi-mirror.modal.local:5555/simple
Obtaining file:///opt/triton-src
  Checking if build backend supports build_editable: started
  Running command Checking if build backend supports build_editable
  Checking if build backend supports build_editable: finished with status 'done'
  Preparing editable metadata (pyproject.toml): started
  Running command Preparing editable metadata (pyproject.toml)
  running dist_info
  creating /tmp/pip-modern-metadata-kir1_lfj/triton.egg-info
  writing /tmp/pip-modern-metadata-kir1_lfj/triton.egg-info/PKG-INFO
  writing dependency_links to /tmp/pip-modern-metadata-kir1_lfj/triton.egg-info/dependency_links.txt
  writing entry points to /tmp/pip-modern-metadata-kir1_lfj/triton.egg-info/entry_points.txt
  writing requirements to /tmp/pip-modern-metadata-kir1_lfj/triton.egg-info/requires.txt
  writing top-level names to /tmp/pip-modern-metadata-kir1_lfj/triton.egg-info/top_level.txt
  writing manifest file '/tmp/pip-modern-metadata-kir1_lfj/triton.egg-info/SOURCES.txt'
  reading manifest file '/tmp/pip-modern-metadata-kir1_lfj/triton.egg-info/SOURCES.txt'
  reading manifest template 'MANIFEST.in'
  warning: no previously-included files matching '__pycache__' found anywhere in distribution
  warning: no previously-included files matching '__pycache__/*' found anywhere in distribution
  warning: no previously-included files matching '*.py[cod]' found anywhere in distribution
  adding license file 'LICENSE'
  writing manifest file '/tmp/pip-modern-metadata-kir1_lfj/triton.egg-info/SOURCES.txt'
  creating '/tmp/pip-modern-metadata-kir1_lfj/triton-3.9.0.dist-info'
  Preparing editable metadata (pyproject.toml): finished with status 'done'
Building wheels for collected packages: triton
  Building editable for triton (pyproject.toml): started
  Running command Building editable for triton (pyproject.toml)
  running editable_wheel
  creating symlink: /opt/triton-src/python/triton/backends/nvidia -> third_party/nvidia/backend
  creating symlink: /opt/triton-src/python/triton/language/extra/cuda -> third_party/nvidia/language/cuda
  creating symlink: /opt/triton-src/python/triton/tools/extra/cuda -> third_party/nvidia/tools/cuda
  creating symlink: /opt/triton-src/python/triton/backends/amd -> third_party/amd/backend
  creating symlink: /opt/triton-src/python/triton/language/extra/hip -> third_party/amd/language/hip
  creating symlink: /opt/triton-src/python/triton/tools/extra/hip -> third_party/amd/tools/hip
  creating symlink: /opt/triton-src/python/triton/profiler -> /opt/triton-src/third_party/proton/proton
  creating /tmp/pip-wheel-qb6946iq/.tmp-s60ubx99/triton.egg-info
  writing /tmp/pip-wheel-qb6946iq/.tmp-s60ubx99/triton.egg-info/PKG-INFO
  writing dependency_links to /tmp/pip-wheel-qb6946iq/.tmp-s60ubx99/triton.egg-info/dependency_links.txt
  writing entry points to /tmp/pip-wheel-qb6946iq/.tmp-s60ubx99/triton.egg-info/entry_points.txt
  writing requirements to /tmp/pip-wheel-qb6946iq/.tmp-s60ubx99/triton.egg-info/requires.txt
  writing top-level names to /tmp/pip-wheel-qb6946iq/.tmp-s60ubx99/triton.egg-info/top_level.txt
  writing manifest file '/tmp/pip-wheel-qb6946iq/.tmp-s60ubx99/triton.egg-info/SOURCES.txt'
  reading manifest file '/tmp/pip-wheel-qb6946iq/.tmp-s60ubx99/triton.egg-info/SOURCES.txt'
  reading manifest template 'MANIFEST.in'
  warning: no previously-included files matching '__pycache__' found anywhere in distribution
  warning: no previously-included files matching '__pycache__/*' found anywhere in distribution
  warning: no previously-included files matching '*.py[cod]' found anywhere in distribution
  adding license file 'LICENSE'
  writing manifest file '/tmp/pip-wheel-qb6946iq/.tmp-s60ubx99/triton.egg-info/SOURCES.txt'
  creating '/tmp/pip-wheel-qb6946iq/.tmp-s60ubx99/triton-3.9.0.dist-info'
  creating /tmp/pip-wheel-qb6946iq/.tmp-s60ubx99/triton-3.9.0.dist-info/WHEEL
  running build_py
  running build_ext
  CMake Deprecation Warning at CMakeLists.txt:6 (cmake_policy):
    The OLD behavior for policy CMP0116 will be removed from a future version
    of CMake.

    The cmake-policies(7) manual explains that the OLD behaviors of all
    policies are deprecated and that a policy should be set to OLD only under
    specific short-term circumstances.  Projects should be ported to the NEW
    behavior and not rely on setting a policy to OLD.


  -- Found Python3: /usr/local/bin/python3 (found version "3.12.1") found components: Interpreter
  creating symlink: /cache/triton-home/.triton/llvm/llvm-ubuntu-x64 -> /cache/triton-home/.triton/llvm/llvm-b010a18d-ubuntu-x64-1
  copy /cache/triton-home/.triton/amd/amd-codegen-6bc4aaf6-ubuntu-x64-1/lib/libtriton_amd_codegen.so to /opt/triton-src/third_party/amd/backend/lib/libtriton_amd_codegen.so ...
  copy /cache/triton-home/.triton/nvidia/nvcc/cuda_nvcc-linux-x86_64-12.9.86-archive/bin/ptxas to /opt/triton-src/third_party/nvidia/backend/bin/ptxas ...
  copy /cache/triton-home/.triton/nvidia/nvcc-blackwell/cuda_nvcc-linux-x86_64-13.4.59-archive/bin/ptxas to /opt/triton-src/third_party/nvidia/backend/bin/ptxas-blackwell ...
  copy /cache/triton-home/.triton/nvidia/cuobjdump/cuda_cuobjdump-linux-x86_64-13.1.80-archive/bin/cuobjdump to /opt/triton-src/third_party/nvidia/backend/bin/cuobjdump ...
  copy /cache/triton-home/.triton/nvidia/nvdisasm/cuda_nvdisasm-linux-x86_64-13.1.80-archive/bin/nvdisasm to /opt/triton-src/third_party/nvidia/backend/bin/nvdisasm ...
  copy /cache/triton-home/.triton/nvidia/nvcc-crt/cuda_crt-linux-x86_64-13.1.80-archive/include to /opt/triton-src/third_party/nvidia/backend/include ...
  copy /cache/triton-home/.triton/nvidia/cudart/cuda_cudart-linux-x86_64-13.1.80-archive/include to /opt/triton-src/third_party/nvidia/backend/include ...
  copy /cache/triton-home/.triton/nvidia/cupti/cuda_cupti-linux-x86_64-12.8.90-archive/include to /opt/triton-src/third_party/nvidia/backend/include ...
  copy /cache/triton-home/.triton/nvidia/cupti/cuda_cupti-linux-x86_64-12.8.90-archive/lib to /opt/triton-src/third_party/nvidia/backend/lib/cupti ...
  copy /cache/triton-home/.triton/nvidia/cupti-blackwell/cuda_cupti-linux-x86_64-13.3.35-archive/lib to /opt/triton-src/third_party/nvidia/backend/lib/cupti-blackwell ...
  -- Adding Python module
  -- Found Python3: /usr/local/bin/python3 (found version "3.12.1") found components: Development.Module Interpreter
  -- Found LLD distro-package @ /cache/triton-home/.triton/llvm/llvm-b010a18d-ubuntu-x64-1/lib/cmake/lld and LLD include dirs @ /__modal/volumes/vo-UFi3Xs0ZVhMnjeILXm4LG6/triton-home/.triton/llvm/llvm-b010a18d-ubuntu-x64-1/include
  -- Performing Test PROTON_ROCPROFILER_SDK_HAS_HIP_GRAPH
  -- Performing Test PROTON_ROCPROFILER_SDK_HAS_HIP_GRAPH - Failed
  -- Proton ROCProfiler-SDK HIP graph tracing: disabled
  -- Proton ROCProfiler-SDK PC sampling: disabled
  -- Proton ROCProfiler-SDK code object source locations: disabled
  -- Found Python3: /usr/local/bin/python3 (found version "3.12.1") found components: Interpreter Development.Module
  -- Collecting object files from ProtonTraceDataIO
  -- Collecting object files from Proton
  -- Collecting object files from ProtonBackend
  -- Collecting object files from ProtonContext
  -- Collecting object files from ProtonData
  -- Collecting object files from ProtonUtility
  -- Collecting object files from ProtonDriver
  -- Collecting object files from ProtonRuntime
  -- Collecting object files from ProtonProfiler
  -- Collecting object files from ProtonSession
  -- Triton backends tuple: nvidia,amd,proton
  -- Configuring done (3.6s)
  -- Generating done (1.6s)
  -- Build files have been written to: /opt/triton-src/build/cmake.linux-x86_64-cpython-3.12
  creating symlink: /opt/triton-src/compile_commands.json -> /opt/triton-src/build/cmake.linux-x86_64-cpython-3.12/compile_commands.json
  [1/528] Building Dialect.h.inc...
  [2/528] Building Dialect.cpp.inc...
  [3/528] Building Ops.h.inc...
  [4/528] Building Ops.cpp.inc...
  [5/528] Building Types.h.inc...
  [6/528] Building Types.cpp.inc...
  [7/528] Building Dialect.cpp.inc...
  [8/528] Building Dialect.h.inc...
  [9/528] Building AttrDefs.cpp.inc...
  [10/528] Building AttrDefs.h.inc...
  [11/528] Building AttrInterfaces.cpp.inc...
  [12/528] Building AttrInterfaces.h.inc...
  [13/528] Building Ops.cpp.inc...
  [14/528] Building Dialect.cpp.inc...
  [15/528] Building OpsEnums.cpp.inc...
  [16/528] Building OpsEnums.h.inc...
  [17/528] Building Ops.h.inc...
  [18/528] Building CGAEncodingAttr.h.inc...
  [19/528] Building Dialect.h.inc...
  [20/528] Building Types.cpp.inc...
  [21/528] Building Ops.cpp.inc...
  [22/528] Building Types.h.inc...
  [23/528] Building TypeInterfaces.cpp.inc...
  [24/528] Building TypeInterfaces.h.inc...
  [25/528] Building OpsEnums.cpp.inc...
  [26/528] Building OpsEnums.h.inc...
  [27/528] Building Ops.h.inc...
  [28/528] Building TritonNvidiaGPUAttrDefs.cpp.inc...
  [29/528] Building TritonNvidiaGPUAttrDefs.h.inc...
  [30/528] Building Types.cpp.inc...
  [31/528] Building Types.h.inc...
  [32/528] Building Dialect.cpp.inc...
  [33/528] Building Dialect.h.inc...
  [34/528] Building Ops.cpp.inc...
  [35/528] Building Ops.h.inc...
  [36/528] Building Dialect.cpp.inc...
  [37/528] Building Dialect.h.inc...
  [38/528] Building Ops.h.inc...
  [39/528] Building Ops.cpp.inc...
  [40/528] Building Passes.h.inc...
  [41/528] Building AttrInterfaces.cpp.inc...
  [42/528] Building AttrDefs.cpp.inc...
  [43/528] Building AttrDefs.h.inc...
  [44/528] Building AttrInterfaces.h.inc...
  [45/528] Building Dialect.cpp.inc...
  [46/528] Building OpInterfaces.cpp.inc...
  [47/528] Building Dialect.h.inc...
  [48/528] Building OpInterfaces.h.inc...
  [49/528] Building OpsEnums.cpp.inc...
  [50/528] Building OpsEnums.h.inc...
  [51/528] Building Ops.h.inc...
  [52/528] Building TypeInterfaces.cpp.inc...
  [53/528] Building TypeInterfaces.h.inc...
  [54/528] Building Ops.cpp.inc...
  [55/528] Building TypesEnums.cpp.inc...
  [56/528] Building Types.cpp.inc...
  [57/528] Building TypesEnums.h.inc...
  [58/528] Building Types.h.inc...
  [59/528] Building Passes.h.inc...
  [60/528] Building Passes.h.inc...
  [61/528] Building OpInterfaces.h.inc...
  [62/528] Building OpInterfaces.cpp.inc...
  [63/528] Building TritonNvidiaGPUOpInterfaces.cpp.inc...
  [64/528] Building Passes.h.inc...
  [65/528] Building TritonNvidiaGPUOpInterfaces.h.inc...
  [66/528] Building Dialect.cpp.inc...
  [67/528] Building Dialect.h.inc...
  [68/528] Building OpsEnums.cpp.inc...
  [69/528] Building OpsEnums.h.inc...
  [70/528] Building Passes.h.inc...
  [71/528] Building Ops.cpp.inc...
  [72/528] Building Ops.h.inc...
  [73/528] Building Dialect.cpp.inc...
  [74/528] Building Dialect.h.inc...
  [75/528] Building GluonAttrDefs.cpp.inc...
  [76/528] Building GluonAttrDefs.h.inc...
  [77/528] Building Ops.cpp.inc...
  [78/528] Building Ops.h.inc...
  [79/528] Building TritonCanonicalize.inc...
  [80/528] Building Dialect.cpp.inc...
  [81/528] Building Dialect.h.inc...
  [82/528] Building Ops.cpp.inc...
  [83/528] Building Ops.h.inc...
  [84/528] Building OpsConversions.inc...
  [85/528] Building NVWSAttrDefs.cpp.inc...
  [86/528] Building TritonCombine.inc...
  [87/528] Building OpsEnums.cpp.inc...
  [88/528] Building OpsEnums.h.inc...
  [89/528] Building NVWSAttrDefs.h.inc...
  [90/528] Building NVWSAttrEnums.cpp.inc...
  [91/528] Building NVWSAttrEnums.h.inc...
  [92/528] Building Passes.h.inc...
  [93/528] Building NVWSOpInterfaces.cpp.inc...
  [94/528] Building NVWSOpInterfaces.h.inc...
  [95/528] Building Dialect.cpp.inc...
  [96/528] Building Dialect.h.inc...
  [97/528] Building Ops.cpp.inc...
  [98/528] Building AttrDefs.cpp.inc...
  [99/528] Building Ops.h.inc...
  [100/528] Building AttrDefs.h.inc...
  [101/528] Building OpsEnums.cpp.inc...
  [102/528] Building OpsEnums.h.inc...
  [103/528] Building OpsConversions.inc...
  [104/528] Building AttrDefs.cpp.inc...
  [105/528] Building AttrDefs.h.inc...
  [106/528] Building Passes.h.inc...
  [107/528] Building OpsEnums.cpp.inc...
  [108/528] Building Passes.h.inc...
  [109/528] Building OpsEnums.h.inc...
  [110/528] Building Passes.h.inc...
  [111/528] Building Passes.h.inc...
  [112/528] Building CXX object lib/Analysis/CMakeFiles/TritonAnalysis.dir/BufferIndexAnalysis.cpp.o
  [113/528] Building CXX object lib/Analysis/CMakeFiles/TritonAnalysis.dir/Allocation.cpp.o
  [114/528] Building CXX object lib/Analysis/CMakeFiles/TritonAnalysis.dir/AxisInfo.cpp.o
  [115/528] Building CXX object lib/Analysis/CMakeFiles/TritonAnalysis.dir/BufferRegion.cpp.o
  [116/528] Building CXX object lib/Analysis/CMakeFiles/TritonAnalysis.dir/Alias.cpp.o
  [117/528] Building CXX object lib/Analysis/CMakeFiles/TritonAnalysis.dir/Membar.cpp.o
  [118/528] Building CXX object lib/Conversion/TritonToTritonGPU/CMakeFiles/TritonToTritonGPU.dir/RelayoutTritonGPU.cpp.o
  [119/528] Building CXX object lib/Analysis/CMakeFiles/TritonAnalysis.dir/Utility.cpp.o
  [120/528] Building CXX object lib/Conversion/TritonToTritonGPU/CMakeFiles/TritonToTritonGPU.dir/TritonGPUConversion.cpp.o
  [121/528] Building CXX object lib/Dialect/Triton/IR/CMakeFiles/TritonIR.dir/DiscardableAttributes.cpp.o
  [122/528] Building CXX object lib/Dialect/Triton/IR/CMakeFiles/TritonIR.dir/Dialect.cpp.o
  [123/528] Building CXX object lib/Dialect/Triton/IR/CMakeFiles/TritonIR.dir/Traits.cpp.o
  [124/528] Building CXX object lib/Conversion/TritonToTritonGPU/CMakeFiles/TritonToTritonGPU.dir/TritonToTritonGPUPass.cpp.o
  [125/528] Building CXX object lib/Dialect/Triton/IR/CMakeFiles/TritonIR.dir/Types.cpp.o
  [126/528] Building CXX object lib/Dialect/Triton/IR/CMakeFiles/TritonIR.dir/OpInterfaces.cpp.o
  [127/528] Building CXX object lib/Dialect/Triton/Transforms/CMakeFiles/TritonTransforms.dir/LoopAwareCSE.cpp.o
  [128/528] Building CXX object lib/Dialect/Triton/Transforms/CMakeFiles/TritonTransforms.dir/Combine.cpp.o
  [129/528] Building CXX object lib/Dialect/Triton/IR/CMakeFiles/TritonIR.dir/Utility.cpp.o
  [130/528] Building CXX object lib/Dialect/Triton/IR/CMakeFiles/TritonIR.dir/Ops.cpp.o
  [131/528] Building CXX object lib/Dialect/Triton/Transforms/CMakeFiles/TritonTransforms.dir/LoopInvariantCodeMotion.cpp.o
  [132/528] Building CXX object lib/Dialect/Triton/Transforms/CMakeFiles/TritonTransforms.dir/LoopUnroll.cpp.o
  [133/528] Building CXX object lib/Dialect/Triton/Transforms/CMakeFiles/TritonTransforms.dir/ArithTypeConversion.cpp.o
  [134/528] Building CXX object lib/Dialect/Triton/Transforms/CMakeFiles/TritonTransforms.dir/LoopPeeling.cpp.o
  [135/528] Building CXX object lib/Dialect/Triton/Transforms/CMakeFiles/TritonTransforms.dir/ReorderBroadcast.cpp.o
  [136/528] Building CXX object lib/Dialect/Triton/Transforms/CMakeFiles/TritonTransforms.dir/RewriteTensorDescriptorToPointer.cpp.o
  [137/528] Building CXX object lib/Dialect/Triton/Transforms/CMakeFiles/TritonTransforms.dir/FunctionTypeConversion.cpp.o
  [138/528] Building CXX object lib/Dialect/TritonGPU/IR/CMakeFiles/TritonGPUIR.dir/Partitioning.cpp.o
  [139/528] Building CXX object lib/Dialect/TritonGPU/IR/CMakeFiles/TritonGPUIR.dir/LinearLayoutConversions.cpp.o
  [140/528] Building CXX object lib/Dialect/TritonGPU/IR/CMakeFiles/TritonGPUIR.dir/Types.cpp.o
  [141/528] Building CXX object lib/Dialect/TritonGPU/IR/CMakeFiles/TritonGPUIR.dir/Traits.cpp.o
  [142/528] Building CXX object lib/Dialect/TritonGPU/IR/CMakeFiles/TritonGPUIR.dir/Ops.cpp.o
  [143/528] Building CXX object lib/Dialect/TritonGPU/IR/CMakeFiles/TritonGPUIR.dir/Dialect.cpp.o
  [144/528] Building CXX object lib/Dialect/TritonGPU/Transforms/CMakeFiles/TritonGPUTransforms.dir/AccelerateMatmul.cpp.o
  [145/528] Building CXX object lib/Dialect/TritonGPU/Transforms/CMakeFiles/TritonGPUTransforms.dir/Coalesce.cpp.o
  [146/528] Building CXX object lib/Dialect/TritonGPU/Transforms/CMakeFiles/TritonGPUTransforms.dir/F32DotTC.cpp.o
  [147/528] Building CXX object lib/Dialect/TritonGPU/Transforms/CMakeFiles/TritonGPUTransforms.dir/CombineTensorSelectAndIf.cpp.o
  [148/528] Building CXX object lib/Dialect/TritonGPU/Transforms/CMakeFiles/TritonGPUTransforms.dir/DecomposeScaledBlocked.cpp.o
  [149/528] Building CXX object lib/Dialect/TritonGPU/Transforms/CMakeFiles/TritonGPUTransforms.dir/FuseNestedLoops.cpp.o
  [150/528] Building CXX object lib/Dialect/TritonGPU/Transforms/CMakeFiles/TritonGPUTransforms.dir/DescriptorMemoryLayouts.cpp.o
  [151/528] Building CXX object lib/Dialect/TritonGPU/Transforms/CMakeFiles/TritonGPUTransforms.dir/ReduceDataDuplication.cpp.o
  [152/528] Building CXX object lib/Dialect/TritonGPU/Transforms/CMakeFiles/TritonGPUTransforms.dir/HoistTMEMAlloc.cpp.o
  [153/528] Building CXX object lib/Dialect/TritonGPU/Transforms/CMakeFiles/TritonGPUTransforms.dir/OptimizeAccumulatorInit.cpp.o
  [154/528] Building CXX object lib/Dialect/TritonGPU/Transforms/CMakeFiles/TritonGPUTransforms.dir/OptimizeDotOperands.cpp.o
  [155/528] Building CXX object lib/Dialect/TritonGPU/Transforms/CMakeFiles/TritonGPUTransforms.dir/Pipeliner/AssignLatencies.cpp.o
  [156/528] Building CXX object lib/Dialect/TritonGPU/Transforms/CMakeFiles/TritonGPUTransforms.dir/OptimizeThreadLocality.cpp.o
  [157/528] Building CXX object lib/Dialect/TritonGPU/Transforms/CMakeFiles/TritonGPUTransforms.dir/Pipeliner/MMAv5PipelineUtility.cpp.o
  [158/528] Building CXX object lib/Dialect/TritonGPU/Transforms/CMakeFiles/TritonGPUTransforms.dir/Pipeliner/LowerLoops.cpp.o
  [159/528] Building CXX object lib/Dialect/TritonGPU/Transforms/CMakeFiles/TritonGPUTransforms.dir/Pipeliner/ScheduleLoops.cpp.o
  [160/528] Building CXX object lib/Dialect/TritonGPU/Transforms/CMakeFiles/TritonGPUTransforms.dir/Pipeliner/PipelineExpander.cpp.o
  [161/528] Building CXX object lib/Dialect/TritonGPU/Transforms/CMakeFiles/TritonGPUTransforms.dir/Pipeliner/WGMMAPipeline.cpp.o
  [162/528] Building CXX object lib/Dialect/TritonGPU/Transforms/CMakeFiles/TritonGPUTransforms.dir/Pipeliner/TestPipelineLowerLoop.cpp.o
  [163/528] Building CXX object lib/Dialect/TritonGPU/Transforms/CMakeFiles/TritonGPUTransforms.dir/Pipeliner/SoftwarePipeliner.cpp.o
  [164/528] Building CXX object lib/Dialect/TritonGPU/Transforms/CMakeFiles/TritonGPUTransforms.dir/Pipeliner/TMAStoresPipeline.cpp.o
  [165/528] Building CXX object lib/Dialect/TritonGPU/Transforms/CMakeFiles/TritonGPUTransforms.dir/Pipeliner/Schedule.cpp.o
  [166/528] Building CXX object lib/Dialect/TritonGPU/Transforms/CMakeFiles/TritonGPUTransforms.dir/Pipeliner/PipeliningUtility.cpp.o
  [167/528] Building CXX object lib/Dialect/TritonGPU/Transforms/CMakeFiles/TritonGPUTransforms.dir/Prefetch.cpp.o
  [168/528] Building CXX object lib/Dialect/TritonGPU/Transforms/CMakeFiles/TritonGPUTransforms.dir/ReorderInstructions.cpp.o
  [169/528] Building CXX object lib/Dialect/TritonGPU/Transforms/CMakeFiles/TritonGPUTransforms.dir/RemoveLayoutConversions.cpp.o
  [170/528] Building CXX object lib/Dialect/TritonGPU/Transforms/CMakeFiles/TritonGPUTransforms.dir/CoalesceAsyncCopy.cpp.o
  [171/528] Building CXX object lib/Dialect/TritonGPU/Transforms/CMakeFiles/TritonGPUTransforms.dir/TargetInfo.cpp.o
  [172/528] Building CXX object lib/Dialect/TritonGPU/Transforms/CMakeFiles/TritonGPUTransforms.dir/LayoutPropagationUtility.cpp.o
  [173/528] Building CXX object lib/Dialect/TritonGPU/Transforms/CMakeFiles/TritonGPUTransforms.dir/CoalesceUtils.cpp.o
  [174/528] Building CXX object lib/Dialect/TritonGPU/Transforms/CMakeFiles/TritonGPUTransforms.dir/Utility.cpp.o
  [175/528] Building CXX object lib/Dialect/TritonGPU/Transforms/CMakeFiles/TritonGPUTransforms.dir/WarpSpecialization/AutomaticWarpSpecialization.cpp.o
  [176/528] Building CXX object lib/Dialect/TritonGPU/Transforms/CMakeFiles/TritonGPUTransforms.dir/WarpSpecialization/NormalizeWSWhileLoops.cpp.o
  [177/528] Building CXX object lib/Dialect/TritonGPU/Transforms/CMakeFiles/TritonGPUTransforms.dir/WarpSpecialization/Partition.cpp.o
  [178/528] Building CXX object lib/Dialect/TritonGPU/Transforms/CMakeFiles/TritonGPUTransforms.dir/WarpSpecialization/PartitionBuilder.cpp.o
  [179/528] Building CXX object lib/Dialect/TritonGPU/Transforms/CMakeFiles/TritonGPUTransforms.dir/WarpSpecialization/OptimizePartitionWarps.cpp.o
  [180/528] Building CXX object lib/Dialect/TritonGPU/Transforms/CMakeFiles/TritonGPUTransforms.dir/WarpSpecialization/PartitionLoops.cpp.o
  [181/528] Building CXX object lib/Dialect/TritonGPU/Transforms/CMakeFiles/TritonGPUTransforms.dir/WarpSpecialization/PartitionSchedulingUtility.cpp.o
  [182/528] Building CXX object lib/Dialect/TritonGPU/Transforms/CMakeFiles/TritonGPUTransforms.dir/WarpSpecialization/PartitionScheduling.cpp.o
  [183/528] Building CXX object lib/Dialect/TritonNvidiaGPU/IR/CMakeFiles/TritonNvidiaGPUIR.dir/TensorMemoryUtils.cpp.o
  [184/528] Building CXX object lib/Dialect/TritonNvidiaGPU/IR/CMakeFiles/TritonNvidiaGPUIR.dir/NvmmaSmemAttrs.cpp.o
  [185/528] Building CXX object lib/Dialect/TritonNvidiaGPU/Transforms/CMakeFiles/TritonNvidiaGPUTransforms.dir/CLCLowering.cpp.o
  [186/528] Building CXX object lib/Dialect/TritonNvidiaGPU/IR/CMakeFiles/TritonNvidiaGPUIR.dir/Dialect.cpp.o
  [187/528] Building CXX object lib/Dialect/TritonNvidiaGPU/Transforms/CMakeFiles/TritonNvidiaGPUTransforms.dir/ToCLC.cpp.o
  [188/528] Building CXX object lib/Dialect/TritonNvidiaGPU/IR/CMakeFiles/TritonNvidiaGPUIR.dir/Ops.cpp.o
  [189/528] Building CXX object lib/Dialect/TritonNvidiaGPU/Transforms/CMakeFiles/TritonNvidiaGPUTransforms.dir/ClusterBarrierMbarAllocator.cpp.o
  [190/528] Building CXX object lib/Dialect/TritonNvidiaGPU/Transforms/CMakeFiles/TritonNvidiaGPUTransforms.dir/CheckMatmulTwoCTAs.cpp.o
  [191/528] Building CXX object lib/Dialect/TritonNvidiaGPU/Transforms/CMakeFiles/TritonNvidiaGPUTransforms.dir/ClusterBarrierInsertion.cpp.o
  [192/528] Building CXX object lib/Dialect/TritonNvidiaGPU/Transforms/CMakeFiles/TritonNvidiaGPUTransforms.dir/FenceInsertion.cpp.o
  [193/528] Building CXX object lib/Dialect/TritonNvidiaGPU/Transforms/CMakeFiles/TritonNvidiaGPUTransforms.dir/FuseTMemLoadReduce.cpp.o
  [194/528] Building CXX object lib/Dialect/TritonNvidiaGPU/Transforms/CMakeFiles/TritonNvidiaGPUTransforms.dir/ConSanNVIDIA.cpp.o
  [195/528] Building CXX object lib/Dialect/TritonNvidiaGPU/Transforms/CMakeFiles/TritonNvidiaGPUTransforms.dir/HoistMBarrierLifecycle.cpp.o
  [196/528] Building CXX object lib/Dialect/TritonNvidiaGPU/Transforms/CMakeFiles/TritonNvidiaGPUTransforms.dir/InterleaveTMem.cpp.o
  [197/528] Building CXX object lib/Dialect/TritonNvidiaGPU/Transforms/CMakeFiles/TritonNvidiaGPUTransforms.dir/MBarrierUtilities.cpp.o
  [198/528] Building CXX object lib/Dialect/TritonNvidiaGPU/Transforms/CMakeFiles/TritonNvidiaGPUTransforms.dir/OptimizeCTALocality.cpp.o
  [199/528] Building CXX object lib/Dialect/TritonNvidiaGPU/Transforms/CMakeFiles/TritonNvidiaGPUTransforms.dir/MMALowering.cpp.o
  [200/528] Building CXX object lib/Dialect/TritonNvidiaGPU/Transforms/CMakeFiles/TritonNvidiaGPUTransforms.dir/OptimizeDescriptorEncoding.cpp.o
  [201/528] Building CXX object lib/Dialect/TritonNvidiaGPU/Transforms/CMakeFiles/TritonNvidiaGPUTransforms.dir/OptimizeTMemLayouts.cpp.o
  [202/528] Building CXX object lib/Dialect/TritonNvidiaGPU/Transforms/CMakeFiles/TritonNvidiaGPUTransforms.dir/OptimizeMBarrierArrivals.cpp.o
  [203/528] Building CXX object lib/Dialect/TritonNvidiaGPU/Transforms/CMakeFiles/TritonNvidiaGPUTransforms.dir/AssignCGALayouts.cpp.o
  [204/528] Building CXX object lib/Dialect/TritonNvidiaGPU/Transforms/CMakeFiles/TritonNvidiaGPUTransforms.dir/PromoteLHSToTMem.cpp.o
  [205/528] Building CXX object lib/Dialect/TritonNvidiaGPU/Transforms/CMakeFiles/TritonNvidiaGPUTransforms.dir/RemoveTMEMTokens.cpp.o
  [206/528] Building CXX object lib/Dialect/TritonNvidiaGPU/Transforms/CMakeFiles/TritonNvidiaGPUTransforms.dir/ProxyFenceInsertion.cpp.o
  [207/528] Building CXX object lib/Dialect/TritonNvidiaGPU/Transforms/CMakeFiles/TritonNvidiaGPUTransforms.dir/TensorMemoryAllocation.cpp.o
  [208/528] Building CXX object lib/Dialect/TritonNvidiaGPU/Transforms/CMakeFiles/TritonNvidiaGPUTransforms.dir/TMemBarrierInsertion.cpp.o
  [209/528] Building CXX object lib/Dialect/TritonNvidiaGPU/Transforms/CMakeFiles/TritonNvidiaGPUTransforms.dir/TMAUtilities.cpp.o
  [210/528] Building CXX object lib/Dialect/TritonNvidiaGPU/Transforms/CMakeFiles/TritonNvidiaGPUTransforms.dir/TMALowering.cpp.o
  [211/528] Building CXX object lib/Dialect/TritonInstrument/IR/CMakeFiles/TritonInstrumentIR.dir/Dialect.cpp.o
  [212/528] Building CXX object lib/Dialect/TritonInstrument/IR/CMakeFiles/TritonInstrumentIR.dir/FunctionBuilder.cpp.o
  [213/528] Building CXX object lib/Dialect/TritonInstrument/IR/CMakeFiles/TritonInstrumentIR.dir/Utility.cpp.o
  [214/528] Building CXX object lib/Dialect/TritonInstrument/IR/CMakeFiles/TritonInstrumentIR.dir/Ops.cpp.o
  [215/528] Building CXX object lib/Dialect/TritonInstrument/Transforms/CMakeFiles/TritonInstrumentTransforms.dir/PrepareConSanCaptures.cpp.o
  [216/528] Building CXX object lib/Dialect/TritonInstrument/Transforms/CMakeFiles/TritonInstrumentTransforms.dir/GlobalSanitizer.cpp.o
  [217/528] Building CXX object lib/Dialect/Gluon/IR/CMakeFiles/GluonIR.dir/Dialect.cpp.o
  [218/528] Building CXX object lib/Tools/CMakeFiles/TritonTools.dir/GenericSwizzling.cpp.o
  [219/528] Building CXX object lib/Dialect/TritonInstrument/Transforms/CMakeFiles/TritonInstrumentTransforms.dir/ConcurrencySanitizer.cpp.o
  [220/528] Building CXX object lib/Tools/CMakeFiles/TritonTools.dir/LLVMOptions.cpp.o
  [221/528] Building CXX object lib/Tools/CMakeFiles/TritonTools.dir/LayoutUtils.cpp.o
  [222/528] Building GSan runtime
  [223/528] Building NVGPUAttrDefs.cpp.inc...
  [224/528] Building NVGPUAttrDefs.h.inc...
  [225/528] Building Passes.h.inc...
  [226/528] Building Passes.h.inc...
  [227/528] Building CXX object lib/Tools/CMakeFiles/TritonTools.dir/LinearLayout.cpp.o
  [228/528] Building CXX object lib/Dialect/TritonInstrument/Transforms/CMakeFiles/TritonInstrumentTransforms.dir/FpSanitizer.cpp.o
  [229/528] Building CXX object lib/Tools/CMakeFiles/TritonTools.dir/PluginUtils.cpp.o
  [230/528] Building CXX object third_party/nvidia/lib/Dialect/NVWS/IR/CMakeFiles/NVWSIR.dir/Dialect.cpp.o
  [231/528] Building CXX object third_party/nvidia/lib/Dialect/NVWS/Transforms/CMakeFiles/NVWSTransforms.dir/LowerWarpGroup.cpp.o
  [232/528] Building CXX object third_party/nvidia/lib/Dialect/NVWS/Transforms/CMakeFiles/NVWSTransforms.dir/LowerAref.cpp.o
  [233/528] Building CXX object third_party/nvidia/lib/Dialect/NVWS/IR/CMakeFiles/NVWSIR.dir/Ops.cpp.o
  [234/528] Building CXX object third_party/nvidia/lib/Dialect/NVWS/Transforms/CMakeFiles/NVWSTransforms.dir/Utilities.cpp.o
  [235/528] Building CXX object third_party/nvidia/lib/Dialect/NVWS/Transforms/CMakeFiles/NVWSTransforms.dir/InsertAref.cpp.o
  [236/528] Building Passes.h.inc...
  [237/528] Building TritonAMDGPUAttrDefs.cpp.inc...
  [238/528] Building CXX object third_party/nvidia/lib/Dialect/NVWS/Transforms/CMakeFiles/NVWSTransforms.dir/AssignStagePhase.cpp.o
  [239/528] Building TritonAMDGPUAttrDefs.h.inc...
  [240/528] Building TritonAMDGPUEnums.cpp.inc...
  [241/528] Building TritonAMDGPUEnums.h.inc...
  [242/528] Building TritonAMDGPUOpInterfaces.cpp.inc...
  [243/528] Building Passes.h.inc...
  [244/528] Building TritonAMDGPUOpInterfaces.h.inc...
  [245/528] Building Passes.h.inc...
  [246/528] Building CXX object third_party/nvidia/lib/Dialect/NVWS/Transforms/CMakeFiles/NVWSTransforms.dir/InsertTmemAref.cpp.o
  [247/528] Building CXX object third_party/nvidia/lib/Dialect/NVWS/Transforms/CMakeFiles/NVWSTransforms.dir/HoistTmemStore.cpp.o
  [248/528] Building Types.cpp.inc...
  [249/528] Building Types.h.inc...
  [250/528] Building Passes.h.inc...
  [251/528] Building Passes.h.inc...
  [252/528] Building Passes.h.inc...
  [253/528] Building Passes.h.inc...
  [254/528] Building CXX object third_party/amd/test/lib/Analysis/CMakeFiles/TritonAMDGPUTestAnalysis.dir/TestAMDGPUMembar.cpp.o
  [255/528] Building CXX object third_party/proton/Dialect/lib/Dialect/Proton/IR/CMakeFiles/ProtonIR.dir/Dialect.cpp.o
  [256/528] Building CXX object third_party/proton/Dialect/lib/Dialect/Proton/IR/CMakeFiles/ProtonIR.dir/Ops.cpp.o
  [257/528] Building CXX object third_party/f2reduce/CMakeFiles/f2reduce.dir/f2reduce.cpp.o
  [258/528] Building CXX object third_party/amd/test/lib/Analysis/CMakeFiles/TritonAMDGPUTestAnalysis.dir/TestAxisInfo.cpp.o
  [259/528] Building CXX object third_party/amd/test/lib/Analysis/CMakeFiles/TritonAMDGPUTestAnalysis.dir/TestAMDRangeAnalysis.cpp.o
  [260/528] Building CXX object third_party/proton/Dialect/lib/Analysis/CMakeFiles/ProtonAnalysis.dir/ScopeIdAllocation.cpp.o
  [261/528] Building CXX object test/lib/Analysis/CMakeFiles/TritonTestAnalysis.dir/TestAlias.cpp.o
  [262/528] Building CXX object test/lib/Analysis/CMakeFiles/TritonTestAnalysis.dir/TestAxisInfo.cpp.o
  [263/528] Building CXX object test/lib/Dialect/CMakeFiles/TritonTestDialect.dir/TestLoopPeeling.cpp.o
  [264/528] Building CXX object test/lib/Analysis/CMakeFiles/TritonTestAnalysis.dir/TestAllocation.cpp.o
  [265/528] Building CXX object test/lib/Analysis/CMakeFiles/TritonTestAnalysis.dir/TestBufferRegion.cpp.o
  [266/528] Building CXX object test/lib/Proton/CMakeFiles/TritonTestProton.dir/TestScopeIdAllocation.cpp.o
  [267/528] Building CXX object test/lib/Analysis/CMakeFiles/TritonTestAnalysis.dir/TestMembar.cpp.o
  [268/528] Building CXX object lib/Conversion/TritonGPUToLLVM/CMakeFiles/TritonGPUToLLVM.dir/DotOpToLLVM/FMA.cpp.o
  [269/528] Building CXX object lib/Conversion/TritonGPUToLLVM/CMakeFiles/TritonGPUToLLVM.dir/AllocateSharedMemory.cpp.o
  [270/528] Building CXX object lib/Conversion/TritonGPUToLLVM/CMakeFiles/TritonGPUToLLVM.dir/AllocateSharedMemoryUtility.cpp.o
  [271/528] Building CXX object lib/Conversion/TritonGPUToLLVM/CMakeFiles/TritonGPUToLLVM.dir/DotOpToLLVM/FMADotUtility.cpp.o
  [272/528] Building CXX object lib/Conversion/TritonGPUToLLVM/CMakeFiles/TritonGPUToLLVM.dir/AllocateWarpGroups.cpp.o
  [273/528] Building CXX object lib/Conversion/TritonGPUToLLVM/CMakeFiles/TritonGPUToLLVM.dir/AssertOpToLLVM.cpp.o
  [274/528] Building CXX object lib/Conversion/TritonGPUToLLVM/CMakeFiles/TritonGPUToLLVM.dir/ControlFlowOpToLLVM.cpp.o
  [275/528] Building CXX object lib/Conversion/TritonGPUToLLVM/CMakeFiles/TritonGPUToLLVM.dir/CanonicalizeLLVMIR.cpp.o
  [276/528] Building CXX object lib/Conversion/TritonGPUToLLVM/CMakeFiles/TritonGPUToLLVM.dir/ConvertLayoutOpToLLVM.cpp.o
  [277/528] Building CXX object lib/Conversion/TritonGPUToLLVM/CMakeFiles/TritonGPUToLLVM.dir/Fp4ToFpOpToLLVMBase.cpp.o
  [278/528] Building CXX object lib/Conversion/TritonGPUToLLVM/CMakeFiles/TritonGPUToLLVM.dir/GatherOpToLLVM.cpp.o
  [279/528] Building CXX object lib/Conversion/TritonGPUToLLVM/CMakeFiles/TritonGPUToLLVM.dir/FuncOpToLLVM.cpp.o
  [280/528] Building CXX object lib/Conversion/TritonGPUToLLVM/CMakeFiles/TritonGPUToLLVM.dir/GlobalScratchMemoryAllocation.cpp.o
  [281/528] Building CXX object lib/Conversion/TritonGPUToLLVM/CMakeFiles/TritonGPUToLLVM.dir/ElementwiseOpToLLVM.cpp.o
  [282/528] Building CXX object lib/Conversion/TritonGPUToLLVM/CMakeFiles/TritonGPUToLLVM.dir/HistogramOpToLLVM.cpp.o
  [283/528] Building CXX object lib/Conversion/TritonGPUToLLVM/CMakeFiles/TritonGPUToLLVM.dir/MakeRangeOpToLLVM.cpp.o
  [284/528] Building CXX object lib/Conversion/TritonGPUToLLVM/CMakeFiles/TritonGPUToLLVM.dir/MemoryOpToLLVM.cpp.o
  [285/528] Building CXX object lib/Conversion/TritonGPUToLLVM/CMakeFiles/TritonGPUToLLVM.dir/PrintOpToLLVM.cpp.o
  [286/528] Building CXX object lib/Conversion/TritonGPUToLLVM/CMakeFiles/TritonGPUToLLVM.dir/ReduceOpToLLVM.cpp.o
  [287/528] Building CXX object lib/Conversion/TritonGPUToLLVM/CMakeFiles/TritonGPUToLLVM.dir/ScanOpToLLVM.cpp.o
  [288/528] Building CXX object lib/Conversion/TritonGPUToLLVM/CMakeFiles/TritonGPUToLLVM.dir/SPMDOpToLLVM.cpp.o
  [289/528] Building CXX object lib/Conversion/TritonGPUToLLVM/CMakeFiles/TritonGPUToLLVM.dir/TypeConverter.cpp.o
  [290/528] Building CXX object lib/Conversion/TritonGPUToLLVM/CMakeFiles/TritonGPUToLLVM.dir/ViewOpToLLVM.cpp.o
  [291/528] Building CXX object lib/Conversion/TritonGPUToLLVM/CMakeFiles/TritonGPUToLLVM.dir/WarpSpecializeUtility.cpp.o
  [292/528] Building CXX object lib/Conversion/TritonGPUToLLVM/CMakeFiles/TritonGPUToLLVM.dir/Utility.cpp.o
  [293/528] Building CXX object lib/Conversion/TritonInstrumentToLLVM/CMakeFiles/TritonInstrumentToLLVM.dir/InstrumentationToLLVM.cpp.o
  [294/528] Building CXX object lib/Dialect/Gluon/Transforms/CMakeFiles/GluonTransforms.dir/Canonicalize.cpp.o
  [295/528] Building CXX object lib/Conversion/TritonInstrumentToLLVM/CMakeFiles/TritonInstrumentToLLVM.dir/FpSanToLLVM.cpp.o
  [296/528] Building CXX object lib/Dialect/Gluon/Transforms/CMakeFiles/GluonTransforms.dir/Inline.cpp.o
  [297/528] Building CXX object lib/Conversion/TritonInstrumentToLLVM/CMakeFiles/TritonInstrumentToLLVM.dir/GSanToLLVM.cpp.o
  [298/528] Building CXX object lib/Dialect/Gluon/Transforms/CMakeFiles/GluonTransforms.dir/ResolveAutoEncodings.cpp.o
  [299/528] Building CXX object lib/Target/LLVMIR/CMakeFiles/TritonLLVMIR.dir/LLVMDIScope.cpp.o
  [300/528] Building CXX object lib/Target/LLVMIR/CMakeFiles/TritonLLVMIR.dir/LLVMDILocalVariable.cpp.o
  [301/528] Building CXX object lib/Target/LLVMIR/CMakeFiles/TritonLLVMIR.dir/LLVMIRBreakPhiStruct.cpp.o
  [302/528] Building CXX object lib/Dialect/Gluon/Transforms/CMakeFiles/GluonTransforms.dir/SimplifyControlFlow.cpp.o
  [303/528] Building CXX object lib/Target/LLVMIR/CMakeFiles/TritonLLVMIR.dir/LLVMDIUtils.cpp.o
  [304/528] Building CXX object third_party/nvidia/lib/Dialect/NVGPU/IR/CMakeFiles/NVGPUIR.dir/Dialect.cpp.o
  [305/528] Building CXX object lib/Dialect/Gluon/Transforms/CMakeFiles/GluonTransforms.dir/InferLayoutUtils.cpp.o
  [306/528] Building CXX object lib/Dialect/Gluon/Transforms/CMakeFiles/GluonTransforms.dir/InferCoalescedEncodings.cpp.o
  [307/528] Building CXX object third_party/nvidia/CMakeFiles/TritonNVIDIA.dir/triton_nvidia.cc.o
  [308/528] Building CXX object third_party/nvidia/lib/TritonNVIDIAGPUToLLVM/CMakeFiles/TritonNVIDIAGPUToLLVM.dir/ConvertLayoutOpToLLVM.cpp.o
  [309/528] Building CXX object third_party/nvidia/lib/TritonNVIDIAGPUToLLVM/CMakeFiles/TritonNVIDIAGPUToLLVM.dir/MemoryOpToLLVM.cpp.o
  [310/528] Building CXX object third_party/nvidia/lib/TritonNVIDIAGPUToLLVM/CMakeFiles/TritonNVIDIAGPUToLLVM.dir/DotOpToLLVM/MMAv2.cpp.o
  [311/528] Building CXX object third_party/nvidia/lib/TritonNVIDIAGPUToLLVM/CMakeFiles/TritonNVIDIAGPUToLLVM.dir/DotOpToLLVM/MMAv5.cpp.o
  [312/528] Building CXX object third_party/nvidia/lib/TritonNVIDIAGPUToLLVM/CMakeFiles/TritonNVIDIAGPUToLLVM.dir/ConvertWarpSpecializeToLLVM.cpp.o
  [313/528] Building CXX object third_party/nvidia/lib/TritonNVIDIAGPUToLLVM/CMakeFiles/TritonNVIDIAGPUToLLVM.dir/DotOpToLLVM.cpp.o
  [314/528] Building CXX object third_party/nvidia/lib/TritonNVIDIAGPUToLLVM/CMakeFiles/TritonNVIDIAGPUToLLVM.dir/DotOpToLLVM/WGMMA.cpp.o
  [315/528] Building CXX object third_party/nvidia/lib/TritonNVIDIAGPUToLLVM/CMakeFiles/TritonNVIDIAGPUToLLVM.dir/ElementwiseOpToLLVM.cpp.o
  [316/528] Building CXX object third_party/nvidia/lib/TritonNVIDIAGPUToLLVM/CMakeFiles/TritonNVIDIAGPUToLLVM.dir/Membar.cpp.o
  [317/528] Building CXX object third_party/nvidia/lib/TritonNVIDIAGPUToLLVM/CMakeFiles/TritonNVIDIAGPUToLLVM.dir/LoadStoreOpToLLVM.cpp.o
  [318/528] Building CXX object third_party/nvidia/lib/TritonNVIDIAGPUToLLVM/CMakeFiles/TritonNVIDIAGPUToLLVM.dir/BarrierOpToLLVM.cpp.o
  [319/528] Building CXX object third_party/nvidia/lib/TritonNVIDIAGPUToLLVM/CMakeFiles/TritonNVIDIAGPUToLLVM.dir/TMAToLLVM.cpp.o
  [320/528] Building CXX object third_party/nvidia/lib/TritonNVIDIAGPUToLLVM/CMakeFiles/TritonNVIDIAGPUToLLVM.dir/TritonGPUToLLVM.cpp.o
  [321/528] Building CXX object third_party/nvidia/lib/TritonNVIDIAGPUToLLVM/CMakeFiles/TritonNVIDIAGPUToLLVM.dir/SPMDOpToLLVM.cpp.o
  [322/528] Building CXX object third_party/nvidia/lib/TritonNVIDIAGPUToLLVM/CMakeFiles/TritonNVIDIAGPUToLLVM.dir/TensorMemoryToLLVM.cpp.o
  [323/528] Building CXX object third_party/nvidia/lib/TritonNVIDIAGPUToLLVM/CMakeFiles/TritonNVIDIAGPUToLLVM.dir/PTXAsmFormat.cpp.o
  [324/528] Building CXX object third_party/nvidia/lib/TritonNVIDIAGPUToLLVM/CMakeFiles/TritonNVIDIAGPUToLLVM.dir/ClusterOpsToLLVM.cpp.o
  [325/528] Building CXX object third_party/nvidia/lib/TritonNVIDIAGPUToLLVM/CMakeFiles/TritonNVIDIAGPUToLLVM.dir/Fp4ToFpOpToLLVM.cpp.o
  [326/528] Building CXX object third_party/nvidia/lib/TritonNVIDIAGPUToLLVM/CMakeFiles/TritonNVIDIAGPUToLLVM.dir/Utility.cpp.o
  [327/528] Building CXX object third_party/nvidia/lib/TritonNVIDIAGPUToLLVM/CMakeFiles/TritonNVIDIAGPUToLLVM.dir/TargetInfo.cpp.o
  [328/528] Building CXX object third_party/nvidia/unittest/Conversion/TritonGPUToLLVM/CMakeFiles/TestPtxAsmFormat.dir/PTXAsmFormatTest.cpp.o
  [329/528] Building CXX object third_party/nvidia/lib/TritonNVIDIAGPUToLLVM/CMakeFiles/TritonNVIDIAGPUToLLVM.dir/Allocation.cpp.o
  [330/528] Building CXX object third_party/nvidia/hopper/lib/Transforms/CMakeFiles/NVHopperTransforms.dir/WarpSpecialization/CodePartitionUtility.cpp.o
  [331/528] Building CXX object third_party/nvidia/hopper/lib/Transforms/CMakeFiles/NVHopperTransforms.dir/WarpSpecialization/TaskIdPropagation.cpp.o
  [332/528] Building CXX object third_party/nvidia/hopper/lib/Transforms/CMakeFiles/NVHopperTransforms.dir/WarpSpecialization.cpp.o
  [333/528] Building CXX object third_party/nvidia/lib/NVGPUToLLVM/CMakeFiles/NVGPUToLLVM.dir/NVGPUToLLVMPass.cpp.o
  [334/528] Building CXX object third_party/nvidia/hopper/lib/Transforms/CMakeFiles/NVHopperTransforms.dir/WarpSpecialization/Utility.cpp.o
  [335/528] Building CXX object third_party/nvidia/hopper/lib/Transforms/CMakeFiles/NVHopperTransforms.dir/WarpSpecialization/WSBuffer.cpp.o
  [336/528] Building CXX object third_party/nvidia/hopper/lib/Transforms/CMakeFiles/NVHopperTransforms.dir/WarpSpecialization/WSDataPartition.cpp.o
  [337/528] Building CXX object third_party/nvidia/hopper/lib/Transforms/CMakeFiles/NVHopperTransforms.dir/WarpSpecialization/WSCodePartition.cpp.o
  [338/528] Building CXX object third_party/nvidia/hopper/lib/Transforms/CMakeFiles/NVHopperTransforms.dir/WarpSpecialization/WSLowerMem.cpp.o
  [339/528] Building CXX object third_party/nvidia/hopper/lib/Transforms/CMakeFiles/NVHopperTransforms.dir/WarpSpecialization/WSLowerToken.cpp.o
  [340/528] Building CXX object CMakeFiles/triton.dir/python/src/main.cc.o
  [341/528] Building CXX object third_party/nvidia/hopper/lib/Transforms/CMakeFiles/NVHopperTransforms.dir/WarpSpecialization/WSTaskIdPropagate.cpp.o
  [342/528] Building CXX object third_party/nvidia/hopper/lib/Transforms/CMakeFiles/NVHopperTransforms.dir/WarpSpecialization/WSSpecialize.cpp.o
  [343/528] Building CXX object third_party/nvidia/hopper/lib/Transforms/CMakeFiles/NVHopperTransforms.dir/WarpSpecialization/WSTaskPartition.cpp.o
  [344/528] Building CXX object CMakeFiles/triton.dir/python/triton/experimental/gsan/src/gsan_testing.cc.o
  [345/528] Building CXX object CMakeFiles/triton.dir/python/src/linear_layout.cc.o
  [346/528] Building CXX object CMakeFiles/triton.dir/python/src/interpreter.cc.o
  [347/528] Building CXX object CMakeFiles/triton.dir/python/src/gluon_ir.cc.o
  [348/528] Building CXX object CMakeFiles/triton.dir/python/src/specialize.cc.o
  [349/528] Building CXX object CMakeFiles/triton.dir/python/src/ir.cc.o
  [350/528] Building CXX object third_party/amd/CMakeFiles/TritonAMD.dir/python/dylib_utils.cc.o
  [351/528] Building CXX object CMakeFiles/triton.dir/python/src/passes.cc.o
  [352/528] Building CXX object CMakeFiles/triton.dir/python/src/llvm.cc.o
  [353/528] Building CXX object third_party/amd/lib/Analysis/CMakeFiles/TritonAMDAnalysis.dir/RangeAnalysis.cpp.o
  [354/528] Building CXX object third_party/amd/CMakeFiles/TritonAMD.dir/python/triton_amd.cc.o
  [355/528] Building CXX object third_party/amd/lib/Analysis/CMakeFiles/TritonAMDAnalysis.dir/AxisInfoExt.cpp.o
  [356/528] Building CXX object third_party/amd/lib/Analysis/CMakeFiles/TritonAMDAnalysis.dir/AMDGPUAllocation.cpp.o
  [357/528] Building CXX object third_party/amd/lib/Dialect/TritonAMDGPU/IR/CMakeFiles/TritonAMDGPUIR.dir/TargetFeatures.cpp.o
  [358/528] Building CXX object third_party/amd/lib/Target/MIRDAG/CMakeFiles/TritonAMDMIRDAG.dir/DAGBuilder.cpp.o
  [359/528] Building CXX object third_party/amd/lib/Dialect/TritonAMDGPU/Utility/CMakeFiles/TritonAMDUtils.dir/CommonUtils.cpp.o
  [360/528] Building CXX object third_party/amd/lib/TritonAMDGPUToLLVM/CMakeFiles/TritonAMDGPUToLLVM.dir/AsyncUtility.cpp.o
  [361/528] Building CXX object third_party/amd/lib/TritonAMDGPUToLLVM/CMakeFiles/TritonAMDGPUToLLVM.dir/AllocateSharedMemory.cpp.o
  [362/528] Building CXX object third_party/amd/lib/TritonAMDGPUToLLVM/CMakeFiles/TritonAMDGPUToLLVM.dir/AtomicRMWOpsEmitter.cpp.o
  [363/528] Building CXX object third_party/amd/lib/Dialect/TritonAMDGPU/IR/CMakeFiles/TritonAMDGPUIR.dir/Dialect.cpp.o
  [364/528] Building CXX object third_party/amd/lib/TritonAMDGPUToLLVM/CMakeFiles/TritonAMDGPUToLLVM.dir/BufferOpsEmitter.cpp.o
  [365/528] Building CXX object third_party/amd/lib/TritonAMDGPUToLLVM/CMakeFiles/TritonAMDGPUToLLVM.dir/ConvertLayoutOpToLLVM.cpp.o
  [366/528] Building CXX object third_party/amd/lib/TritonAMDGPUToLLVM/CMakeFiles/TritonAMDGPUToLLVM.dir/TensorPtrOpsToLLVM.cpp.o
  [367/528] Building CXX object third_party/amd/lib/TritonAMDGPUToLLVM/CMakeFiles/TritonAMDGPUToLLVM.dir/ConvertWarpPipeline.cpp.o
  [368/528] Building CXX object third_party/amd/lib/TritonAMDGPUToLLVM/CMakeFiles/TritonAMDGPUToLLVM.dir/MaskedOpsToLLVM.cpp.o
  [369/528] Building CXX object third_party/amd/lib/TritonAMDGPUToLLVM/CMakeFiles/TritonAMDGPUToLLVM.dir/MemoryOpToLLVM.cpp.o
  [370/528] Building CXX object third_party/amd/lib/TritonAMDGPUToLLVM/CMakeFiles/TritonAMDGPUToLLVM.dir/DotOpToLLVM/FMA.cpp.o
  [371/528] Building CXX object third_party/amd/lib/TritonAMDGPUToLLVM/CMakeFiles/TritonAMDGPUToLLVM.dir/ConvertWarpSpecializeToLLVM.cpp.o
  [372/528] Building CXX object third_party/amd/lib/TritonAMDGPUToLLVM/CMakeFiles/TritonAMDGPUToLLVM.dir/DotOpToLLVM/MFMA.cpp.o
  [373/528] Building CXX object third_party/amd/lib/TritonAMDGPUToLLVM/CMakeFiles/TritonAMDGPUToLLVM.dir/DotOpToLLVM/WMMA.cpp.o
  [374/528] Building CXX object third_party/amd/lib/TritonAMDGPUToLLVM/CMakeFiles/TritonAMDGPUToLLVM.dir/DotOpToLLVM.cpp.o
  [375/528] Building CXX object third_party/amd/lib/TritonAMDGPUToLLVM/CMakeFiles/TritonAMDGPUToLLVM.dir/FuncOpToLLVM.cpp.o
  [376/528] Building CXX object third_party/amd/lib/TritonAMDGPUToLLVM/CMakeFiles/TritonAMDGPUToLLVM.dir/GCNAsmFormat.cpp.o
  [377/528] Building CXX object third_party/amd/lib/TritonAMDGPUToLLVM/CMakeFiles/TritonAMDGPUToLLVM.dir/ElementwiseOpToLLVM.cpp.o
  [378/528] Building CXX object third_party/amd/lib/TritonAMDGPUToLLVM/CMakeFiles/TritonAMDGPUToLLVM.dir/LoadStoreOpToLLVM.cpp.o
  [379/528] Building CXX object third_party/amd/lib/TritonAMDGPUToLLVM/CMakeFiles/TritonAMDGPUToLLVM.dir/HistogramOpToLLVM.cpp.o
  [380/528] Building CXX object third_party/amd/lib/TritonAMDGPUToLLVM/CMakeFiles/TritonAMDGPUToLLVM.dir/Membar.cpp.o
  [381/528] Building CXX object third_party/amd/lib/TritonAMDGPUToLLVM/CMakeFiles/TritonAMDGPUToLLVM.dir/BuiltinFuncToLLVM.cpp.o
  [382/528] Building CXX object third_party/amd/lib/TritonAMDGPUToLLVM/CMakeFiles/TritonAMDGPUToLLVM.dir/TritonGPUToLLVM.cpp.o
  [383/528] Building CXX object third_party/amd/lib/TritonAMDGPUToLLVM/CMakeFiles/TritonAMDGPUToLLVM.dir/Utility.cpp.o
  [384/528] Building CXX object third_party/amd/lib/TritonAMDGPUToLLVM/CMakeFiles/TritonAMDGPUToLLVM.dir/TargetInfo.cpp.o
  [385/528] Building CXX object third_party/amd/lib/TritonAMDGPUToLLVM/CMakeFiles/TritonAMDGPUToLLVM.dir/ScalarizePackedFOps.cpp.o
  [386/528] Building CXX object third_party/amd/lib/TritonAMDGPUToLLVM/CMakeFiles/TritonAMDGPUToLLVM.dir/SPMDOpToLLVM.cpp.o
  [387/528] Building CXX object third_party/amd/lib/TritonAMDGPUToLLVM/CMakeFiles/TritonAMDGPUToLLVM.dir/MembarUtility.cpp.o
  [388/528] Building CXX object third_party/amd/lib/TritonAMDGPUToLLVM/CMakeFiles/TritonAMDGPUToLLVM.dir/Fp4ToFpOpToLLVM.cpp.o
  [389/528] Building CXX object third_party/amd/lib/TritonAMDGPUToLLVM/CMakeFiles/TritonAMDGPUToLLVM.dir/TDMUtility.cpp.o
  [390/528] Building CXX object third_party/amd/lib/TritonAMDGPUDialectToLLVM/CMakeFiles/TritonAMDGPUDialectToLLVM.dir/TritonAMDGPUToLLVMPatterns.cpp.o
  [391/528] Building CXX object third_party/amd/lib/TritonAMDGPUToLLVM/CMakeFiles/TritonAMDGPUToLLVM.dir/BarrierOpToLLVM.cpp.o
  [392/528] Building CXX object third_party/amd/lib/TritonAMDGPUToLLVM/CMakeFiles/TritonAMDGPUToLLVM.dir/WarpIdOpToLLVM.cpp.o
  [393/528] Building CXX object third_party/amd/lib/TritonAMDGPUToLLVM/CMakeFiles/TritonAMDGPUToLLVM.dir/ConvertFpCastOpToLLVM.cpp.o
  [394/528] Building CXX object third_party/amd/lib/TritonAMDGPUDialectToLLVM/CMakeFiles/TritonAMDGPUDialectToLLVM.dir/InThreadTransposeOpToTTG.cpp.o
  [395/528] Building CXX object third_party/amd/lib/TritonAMDGPUDialectToLLVM/CMakeFiles/TritonAMDGPUDialectToLLVM.dir/ConcatOpToLLVM.cpp.o
  [396/528] Building CXX object third_party/amd/lib/TritonAMDGPUDialectToLLVM/CMakeFiles/TritonAMDGPUDialectToLLVM.dir/ExtractSliceOpToLLVM.cpp.o
  [397/528] Building CXX object third_party/amd/lib/TritonAMDGPUDialectToLLVM/CMakeFiles/TritonAMDGPUDialectToLLVM.dir/ScaledDowncastToLLVM.cpp.o
  [398/528] Building CXX object third_party/amd/lib/TritonAMDGPUDialectToLLVM/CMakeFiles/TritonAMDGPUDialectToLLVM.dir/ScaledUpcastToLLVM.cpp.o
  [399/528] Building CXX object third_party/amd/lib/TritonAMDGPUTransforms/CMakeFiles/TritonAMDGPUTransforms.dir/AccelerateAMDMatmul.cpp.o
  [400/528] Building CXX object third_party/amd/lib/TritonAMDGPUTransforms/CMakeFiles/TritonAMDGPUTransforms.dir/BlockPingpong.cpp.o
  [401/528] Building CXX object third_party/amd/lib/TritonAMDGPUTransforms/CMakeFiles/TritonAMDGPUTransforms.dir/CanonicalizePointers.cpp.o
  [402/528] Building CXX object third_party/amd/lib/TritonAMDGPUTransforms/CMakeFiles/TritonAMDGPUTransforms.dir/CoalesceAsyncCopy.cpp.o
  [403/528] Building CXX object third_party/amd/lib/TritonAMDGPUTransforms/CMakeFiles/TritonAMDGPUTransforms.dir/ConSanAMD.cpp.o
  [404/528] Building CXX object third_party/amd/lib/TritonAMDGPUTransforms/CMakeFiles/TritonAMDGPUTransforms.dir/ConvertToBufferOps.cpp.o
  [405/528] Building CXX object third_party/amd/lib/TritonAMDGPUTransforms/CMakeFiles/TritonAMDGPUTransforms.dir/ConvertToTensorOps.cpp.o
  [406/528] Building CXX object third_party/amd/lib/TritonAMDGPUTransforms/CMakeFiles/TritonAMDGPUTransforms.dir/OptimizeBufferOpPtr.cpp.o
  [407/528] Building CXX object third_party/amd/lib/TritonAMDGPUTransforms/CMakeFiles/TritonAMDGPUTransforms.dir/OptimizeDescriptorEncoding.cpp.o
  [408/528] Building CXX object third_party/amd/lib/TritonAMDGPUTransforms/CMakeFiles/TritonAMDGPUTransforms.dir/OptimizeEpilogue.cpp.o
  [409/528] Building CXX object third_party/amd/lib/TritonAMDGPUTransforms/CMakeFiles/TritonAMDGPUTransforms.dir/OptimizeDotOperands.cpp.o
  [410/528] Building CXX object third_party/amd/lib/TritonAMDGPUTransforms/CMakeFiles/TritonAMDGPUTransforms.dir/HoistLayoutConversions.cpp.o
  [411/528] Building CXX object third_party/amd/lib/TritonAMDGPUTransforms/CMakeFiles/TritonAMDGPUTransforms.dir/SinkLayoutConversions.cpp.o
  [412/528] Building CXX object third_party/amd/lib/TritonAMDGPUTransforms/CMakeFiles/TritonAMDGPUTransforms.dir/PrepareIfCombining.cpp.o
  [413/528] Building CXX object third_party/amd/lib/TritonAMDGPUTransforms/CMakeFiles/TritonAMDGPUTransforms.dir/MoveUpPrologueLoads.cpp.o
  [414/528] Building CXX object third_party/amd/lib/TritonAMDGPUTransforms/CMakeFiles/TritonAMDGPUTransforms.dir/Pipeline.cpp.o
  [415/528] Building CXX object third_party/amd/lib/TritonAMDGPUTransforms/CMakeFiles/TritonAMDGPUTransforms.dir/ScheduleLoops.cpp.o
  [416/528] Building CXX object third_party/amd/lib/TritonAMDGPUTransforms/CMakeFiles/TritonAMDGPUTransforms.dir/WmmaGroup.cpp.o
  [417/528] Building CXX object third_party/amd/lib/TritonAMDGPUTransforms/CMakeFiles/TritonAMDGPUTransforms.dir/LowerLoops.cpp.o
  [418/528] Building CXX object third_party/amd/lib/TritonAMDGPUTransforms/CMakeFiles/TritonAMDGPUTransforms.dir/TDMStoresPipeline.cpp.o
  [419/528] Building CXX object third_party/amd/lib/TritonAMDGPUTransforms/CMakeFiles/TritonAMDGPUTransforms.dir/MfmaGroup.cpp.o
  [420/528] Building CXX object third_party/amd/lib/TritonAMDGPUTransforms/CMakeFiles/TritonAMDGPUTransforms.dir/InThreadTranspose.cpp.o
  [421/528] Building CXX object third_party/amd/lib/TritonAMDGPUTransforms/CMakeFiles/TritonAMDGPUTransforms.dir/FoldTrueCmpIOp.cpp.o
  [422/528] Building CXX object third_party/amd/lib/TritonAMDGPUTransforms/CMakeFiles/TritonAMDGPUTransforms.dir/FpSanitizer.cpp.o
  [423/528] Linking CXX static library third_party/amd/test/lib/Analysis/libTritonAMDGPUTestAnalysis.a
  [424/528] Building CXX object third_party/proton/common/lib/TraceDataIO/CMakeFiles/ProtonTraceDataIO.dir/ByteSpan.cpp.o
  [425/528] Building CXX object third_party/proton/common/lib/TraceDataIO/CMakeFiles/ProtonTraceDataIO.dir/EntryDecoder.cpp.o
  [426/528] Building CXX object third_party/proton/common/lib/TraceDataIO/CMakeFiles/ProtonTraceDataIO.dir/Parser.cpp.o
  [427/528] Building CXX object third_party/proton/common/lib/TraceDataIO/CMakeFiles/ProtonTraceDataIO.dir/CircularLayoutParser.cpp.o
  [428/528] Building CXX object third_party/proton/common/lib/TraceDataIO/CMakeFiles/ProtonTraceDataIO.dir/TraceWriter.cpp.o
  [429/528] Building CXX object third_party/proton/csrc/CMakeFiles/Proton.dir/Proton.cpp.o
  [430/528] Building CXX object third_party/proton/csrc/lib/Backend/CMakeFiles/ProtonBackend.dir/Backend.cpp.o
  [431/528] Building CXX object third_party/amd/lib/TritonAMDGPUTransforms/CMakeFiles/TritonAMDGPUTransforms.dir/UpdateAsyncWaitCount.cpp.o
  [432/528] Building CXX object third_party/proton/csrc/lib/Backend/CMakeFiles/ProtonBackend.dir/RegisteredBackends.cpp.o
  [433/528] Building CXX object third_party/proton/csrc/lib/Context/CMakeFiles/ProtonContext.dir/Python.cpp.o
  [434/528] Building CXX object third_party/proton/csrc/lib/Context/CMakeFiles/ProtonContext.dir/Context.cpp.o
  [435/528] Building CXX object third_party/proton/csrc/lib/Context/CMakeFiles/ProtonContext.dir/Shadow.cpp.o
  [436/528] Building CXX object third_party/proton/csrc/lib/Data/CMakeFiles/ProtonData.dir/Data.cpp.o
  [437/528] Building CXX object third_party/proton/csrc/lib/Data/CMakeFiles/ProtonData.dir/Dump/ChromeTrace.cpp.o
  [438/528] Building CXX object third_party/proton/csrc/lib/Data/CMakeFiles/ProtonData.dir/Dump/TraceDataDump.cpp.o
  [439/528] Building CXX object third_party/proton/csrc/lib/Data/CMakeFiles/ProtonData.dir/Metric.cpp.o
  [440/528] Building CXX object third_party/proton/csrc/lib/Data/CMakeFiles/ProtonData.dir/TraceData.cpp.o
  [441/528] Building CXX object third_party/proton/csrc/lib/Data/CMakeFiles/ProtonData.dir/TreeData.cpp.o
  [442/528] Building CXX object third_party/proton/csrc/lib/Utility/CMakeFiles/ProtonUtility.dir/MsgPackWriter.cpp.o
  [443/528] Building CXX object third_party/proton/csrc/lib/Driver/CMakeFiles/ProtonDriver.dir/Device.cpp.o
  [444/528] Building CXX object third_party/proton/csrc/lib/Driver/CMakeFiles/ProtonDriver.dir/GPU/CudaApi.cpp.o
  [445/528] Building CXX object third_party/proton/csrc/lib/Driver/CMakeFiles/ProtonDriver.dir/GPU/CuptiApi.cpp.o
  [446/528] Building CXX object third_party/proton/csrc/lib/Driver/CMakeFiles/ProtonDriver.dir/GPU/HipApi.cpp.o
  [447/528] Building CXX object third_party/proton/csrc/lib/Driver/CMakeFiles/ProtonDriver.dir/GPU/HsaApi.cpp.o
  [448/528] Building CXX object third_party/proton/csrc/lib/Driver/CMakeFiles/ProtonDriver.dir/GPU/NvtxApi.cpp.o
  [449/528] Building CXX object third_party/proton/csrc/lib/Driver/CMakeFiles/ProtonDriver.dir/GPU/RoctracerApi.cpp.o
  [450/528] Building CXX object third_party/proton/csrc/lib/Driver/CMakeFiles/ProtonDriver.dir/GPU/RocprofApi.cpp.o
  [451/528] Building CXX object third_party/proton/csrc/lib/Runtime/CMakeFiles/ProtonRuntime.dir/CudaRuntime.cpp.o
  [452/528] Building CXX object third_party/proton/csrc/lib/Runtime/CMakeFiles/ProtonRuntime.dir/HipRuntime.cpp.o
  [453/528] Building CXX object third_party/proton/csrc/lib/Profiler/CMakeFiles/ProtonProfiler.dir/Profiler.cpp.o
  [454/528] Building CXX object third_party/proton/csrc/lib/Profiler/CMakeFiles/ProtonProfiler.dir/GPUProfiler.cpp.o
  [455/528] Building CXX object third_party/proton/csrc/lib/Profiler/CMakeFiles/ProtonProfiler.dir/Graph.cpp.o
  [456/528] Building CXX object third_party/proton/csrc/lib/Profiler/CMakeFiles/ProtonProfiler.dir/Cupti/CuptiPCSampling.cpp.o
  [457/528] Building CXX object third_party/proton/csrc/lib/Profiler/CMakeFiles/ProtonProfiler.dir/Cupti/CuptiProfiler.cpp.o
  [458/528] Building CXX object third_party/proton/csrc/lib/Profiler/CMakeFiles/ProtonProfiler.dir/RocprofSDK/RocprofSDKPCSampling.cpp.o
  [459/528] Building CXX object third_party/proton/csrc/lib/Profiler/CMakeFiles/ProtonProfiler.dir/RocprofSDK/RocprofSDKPCSamplingSourceLocations.cpp.o
  [460/528] Building CXX object third_party/proton/csrc/lib/Profiler/CMakeFiles/ProtonProfiler.dir/RocprofSDK/RocprofSDKProfiler.cpp.o
  [461/528] Building CXX object third_party/proton/csrc/lib/Profiler/CMakeFiles/ProtonProfiler.dir/RocTracer/RoctracerProfiler.cpp.o
  [462/528] Building CXX object third_party/proton/csrc/lib/Profiler/CMakeFiles/ProtonProfiler.dir/Instrumentation/InstrumentationProfiler.cpp.o
  [463/528] Building CXX object third_party/proton/csrc/lib/Profiler/CMakeFiles/ProtonProfiler.dir/Instrumentation/Metadata.cpp.o
  [464/528] Building CXX object third_party/proton/csrc/lib/Session/CMakeFiles/ProtonSession.dir/Session.cpp.o
  [465/528] Building CXX object third_party/proton/test/unittest/TraceDataIO/CMakeFiles/TraceDataIO.dir/ByteSpanTest.cpp.o
  [466/528] Building CXX object third_party/proton/test/unittest/TraceDataIO/CMakeFiles/TraceDataIO.dir/DecoderTest.cpp.o
  [467/528] Building CXX object third_party/proton/test/unittest/TraceDataIO/CMakeFiles/TraceDataIO.dir/CircularLayoutParserTest.cpp.o
  [468/528] Building CXX object third_party/proton/test/unittest/TraceDataIO/CMakeFiles/TraceDataIO.dir/ChromeTraceWriterTest.cpp.o
  [469/528] Building CXX object third_party/proton/test/unittest/Backend/CMakeFiles/TestBackend.dir/TestBackend.cpp.o
  [470/528] Building CXX object third_party/proton/test/unittest/Backend/CMakeFiles/TestBackendRegistry.dir/RegisteredBackends.cpp.o
  [471/528] Building CXX object third_party/proton/test/unittest/Backend/CMakeFiles/BackendRegistration.dir/BackendRegistrationTest.cpp.o
  [472/528] Building CXX object third_party/amd/lib/TritonAMDGPUTransforms/CMakeFiles/TritonAMDGPUTransforms.dir/Utility.cpp.o
  [473/528] Building CXX object third_party/amd/lib/TritonAMDGPUTransforms/CMakeFiles/TritonAMDGPUTransforms.dir/WarpPipeliner.cpp.o
  [474/528] Building CXX object third_party/proton/Dialect/lib/Dialect/ProtonGPU/IR/CMakeFiles/ProtonGPUIR.dir/Dialect.cpp.o
  [475/528] Building CXX object third_party/proton/Dialect/CMakeFiles/TritonProton.dir/triton_proton.cc.o
  [476/528] Building CXX object third_party/proton/Dialect/lib/Dialect/ProtonGPU/IR/CMakeFiles/ProtonGPUIR.dir/Ops.cpp.o
  [477/528] Building CXX object third_party/proton/Dialect/lib/Dialect/ProtonGPU/IR/CMakeFiles/ProtonGPUIR.dir/Types.cpp.o
  [478/528] Building CXX object third_party/proton/Dialect/lib/Dialect/ProtonGPU/Transforms/CMakeFiles/ProtonGPUTransforms.dir/ProtonGPUTransformsPass.cpp.o
  [479/528] Building CXX object third_party/proton/Dialect/lib/ProtonToProtonGPU/CMakeFiles/ProtonToProtonGPU.dir/ProtonToProtonGPUPass.cpp.o
  [480/528] Building CXX object third_party/proton/Dialect/lib/ProtonGPUToLLVM/CMakeFiles/ProtonGPUToLLVM.dir/AllocateProtonSharedMemory.cpp.o
  [481/528] Building CXX object third_party/proton/Dialect/lib/ProtonGPUToLLVM/CMakeFiles/ProtonGPUToLLVM.dir/PatternProtonGPUOpToLLVM.cpp.o
  [482/528] Building CXX object third_party/proton/Dialect/lib/ProtonGPUToLLVM/CMakeFiles/ProtonGPUToLLVM.dir/Utility.cpp.o
  [483/528] Building CXX object third_party/proton/Dialect/lib/ProtonGPUToLLVM/ProtonNvidiaGPUToLLVM/CMakeFiles/ProtonNVIDIAGPUToLLVM.dir/NvidiaPatternProtonGPUOpToLLVM.cpp.o
  [484/528] Building CXX object third_party/proton/Dialect/lib/ProtonGPUToLLVM/ProtonNvidiaGPUToLLVM/CMakeFiles/ProtonNVIDIAGPUToLLVM.dir/TargetInfo.cpp.o
  [485/528] Building CXX object third_party/proton/Dialect/lib/ProtonGPUToLLVM/ProtonAMDGPUToLLVM/CMakeFiles/ProtonAMDGPUToLLVM.dir/TargetInfo.cpp.o
  [486/528] Building CXX object third_party/proton/Dialect/lib/ProtonGPUToLLVM/ProtonAMDGPUToLLVM/CMakeFiles/ProtonAMDGPUToLLVM.dir/AMDPatternProtonGPUOpToLLVM.cpp.o
  [487/528] Building CXX object third_party/proton/Dialect/lib/ProtonGPUToLLVM/ProtonAMDGPUToLLVM/CMakeFiles/ProtonAMDGPUToLLVM.dir/AddSchedBarriers.cpp.o
  [488/528] Building CXX object third_party/proton/Dialect/lib/ProtonGPUToLLVM/ProtonNvidiaGPUToLLVM/CMakeFiles/ProtonNVIDIAGPUToLLVM.dir/ConvertProtonGPUToLLVM.cpp.o
  [489/528] Building CXX object third_party/proton/Dialect/lib/ProtonGPUToLLVM/ProtonAMDGPUToLLVM/CMakeFiles/ProtonAMDGPUToLLVM.dir/ConvertProtonGPUToLLVM.cpp.o
  [490/528] Building CXX object bin/CMakeFiles/triton-llvm-opt.dir/triton-llvm-opt.cpp.o
  [491/528] Building CXX object bin/CMakeFiles/triton-opt.dir/triton-opt.cpp.o
  [492/528] Building CXX object bin/CMakeFiles/triton-reduce.dir/triton-reduce.cpp.o
  [493/528] Linking CXX static library test/lib/Analysis/libTritonTestAnalysis.a
  [494/528] Linking CXX static library test/lib/Dialect/libTritonTestDialect.a
  [495/528] Building CXX object test/lib/Instrumentation/CMakeFiles/GPUInstrumentationTestLib.dir/GPUHello.cpp.o
  [496/528] Linking CXX static library test/lib/Proton/libTritonTestProton.a
  [497/528] Building CXX object bin/CMakeFiles/triton-lsp.dir/triton-lsp.cpp.o
  [498/528] Building CXX object bin/CMakeFiles/triton-tensor-layout.dir/triton-tensor-layout.cpp.o
  [499/528] Building CXX object unittest/Dialect/TritonGPU/CMakeFiles/Dialect.dir/DialectTest.cpp.o
  [500/528] Building CXX object unittest/Dialect/TritonGPU/CMakeFiles/TestSwizzling.dir/SwizzleTest.cpp.o
  [501/528] Building CXX object unittest/Analysis/CMakeFiles/TestTritonAnalysis.dir/UtilityTest.cpp.o
  [502/528] Building CXX object unittest/Dialect/TritonGPU/CMakeFiles/DumpLayoutTest.dir/DumpLayoutTest.cpp.o
  [503/528] Building CXX object unittest/Dialect/TritonGPU/CMakeFiles/TestPaddedSharedLayout.dir/PaddedTest.cpp.o
  [504/528] Building CXX object unittest/Dialect/TritonNvidiaGPU/CMakeFiles/NvmmaSmemAttrsTest.dir/NvmmaSmemAttrsTest.cpp.o
  [505/528] Building CXX object unittest/Tools/CMakeFiles/LLVMOptions.dir/LLVMOptionsTest.cpp.o
  [506/528] Building CXX object unittest/Tools/CMakeFiles/LinearLayout.dir/LayoutUtilsTest.cpp.o
  [507/528] Linking CXX shared library /opt/triton-src/python/triton/_C/libproton.so
  [508/528] Linking CXX executable third_party/proton/test/unittest/TraceDataIO/TraceDataIO
  [509/528] Linking CXX executable third_party/proton/test/unittest/Backend/BackendRegistration
  [510/528] Linking CXX executable third_party/nvidia/unittest/Conversion/TritonGPUToLLVM/TestPtxAsmFormat
  [511/528] Linking CXX shared library /opt/triton-src/python/triton/_C/libtriton.so
  [512/528] Linking CXX executable bin/triton-reduce
  [513/528] Linking CXX executable bin/triton-opt
  [514/528] Building CXX object unittest/Tools/CMakeFiles/LinearLayout.dir/LinearLayoutTest.cpp.o
  [515/528] Linking CXX executable bin/triton-llvm-opt
  [516/528] Linking CXX shared library /opt/triton-src/python/triton/instrumentation/libGPUInstrumentationTestLib.so
  [517/528] Linking CXX executable unittest/Analysis/TestTritonAnalysis
  [518/528] Linking CXX executable bin/triton-lsp
  [519/528] Linking CXX executable unittest/Dialect/TritonGPU/TestSwizzling
  [520/528] Linking CXX executable unittest/Dialect/TritonGPU/Dialect
  [521/528] Linking CXX executable unittest/Dialect/TritonGPU/DumpLayoutTest
  [522/528] Linking CXX executable bin/triton-tensor-layout
  [523/528] Linking CXX executable unittest/Dialect/TritonGPU/TestPaddedSharedLayout
  [524/528] Linking CXX executable unittest/Tools/LLVMOptions
  [525/528] Linking CXX executable unittest/Tools/LinearLayout
  [526/528] Linking CXX executable unittest/Dialect/TritonNvidiaGPU/NvmmaSmemAttrsTest
  [527/528] Building CXX object unittest/Dialect/TritonGPU/CMakeFiles/LinearLayoutConversions.dir/LinearLayoutConversionsTest.cpp.o
  [528/528] Linking CXX executable unittest/Dialect/TritonGPU/LinearLayoutConversions
  [1/42] Building TritonInstrumentDialect.md...
  [2/41] Building TritonGPUDialect.md...
  [3/40] Building TritonNvidiaGPUDialect.md...
  [4/39] Building NVWSDialect.md...
  [5/38] Building TritonDialect.md...
  [6/37] Building NVGPUDialect.md...
  [7/36] Building GluonDialect.md...
  [8/35] Building GluonOps.md...
  [9/34] Building ProtonDialect.md...
  [10/33] Building TritonAMDGPUDialect.md...
  [11/32] Building TritonInstrumentOps.md...
  [12/32] Building NVWSOps.md...
  [13/31] Generating ../../../../../docs/dialects/TritonInstrumentOps.md
  [14/31] Building TritonOps.md...
  [15/31] Building ProtonOps.md...
  [16/30] Building ProtonGPUDialect.md...
  [17/29] Building TritonGPUOps.md...
  [18/29] Building NVGPUOps.md...
  [19/28] Building TritonNvidiaGPUOps.md...
  [20/28] Building ProtonGPUAttrDefs.md...
  [21/27] Generating ../../../../../docs/dialects/TritonOps.md
  [22/27] Generating ../../../../../docs/dialects/TritonGPUOps.md
  [23/27] Generating ../../../../../docs/dialects/TritonNvidiaGPUOps.md
  [24/27] Building TritonAMDGPUOps.md...
  [25/27] Generating ../../../../../../docs/dialects/TritonAMDGPUOps.md
  [26/27] Building ProtonGPUOps.md...
  running egg_info
  creating /tmp/tmplxogualo.build-temp/triton.egg-info
  writing /tmp/tmplxogualo.build-temp/triton.egg-info/PKG-INFO
  writing dependency_links to /tmp/tmplxogualo.build-temp/triton.egg-info/dependency_links.txt
  writing entry points to /tmp/tmplxogualo.build-temp/triton.egg-info/entry_points.txt
  writing requirements to /tmp/tmplxogualo.build-temp/triton.egg-info/requires.txt
  writing top-level names to /tmp/tmplxogualo.build-temp/triton.egg-info/top_level.txt
  writing manifest file '/tmp/tmplxogualo.build-temp/triton.egg-info/SOURCES.txt'
  reading manifest file '/tmp/tmplxogualo.build-temp/triton.egg-info/SOURCES.txt'
  reading manifest template 'MANIFEST.in'
  warning: no previously-included files matching '__pycache__' found anywhere in distribution
  warning: no previously-included files matching '__pycache__/*' found anywhere in distribution
  warning: no previously-included files matching '*.py[cod]' found anywhere in distribution
  adding license file 'LICENSE'
  writing manifest file '/tmp/tmplxogualo.build-temp/triton.egg-info/SOURCES.txt'
  /usr/local/lib/python3.12/site-packages/setuptools/command/build_py.py:215: _Warning: Package 'triton._C' is absent from the `packages` configuration.
  !!

          ********************************************************************************
          ############################
          # Package would be ignored #
          ############################
          Python recognizes 'triton._C' as an importable package[^1],
          but it is absent from setuptools' `packages` configuration.

          This leads to an ambiguous overall configuration. If you want to distribute this
          package, please make sure that 'triton._C' is explicitly added
          to the `packages` configuration field.

          Alternatively, you can also rely on setuptools' discovery methods
          (for example by using `find_namespace_packages(...)`/`find_namespace:`
          instead of `find_packages(...)`/`find:`).

          You can read more about "package discovery" on setuptools documentation page:

          - https://setuptools.pypa.io/en/latest/userguide/package_discovery.html

          If you don't want 'triton._C' to be distributed and are
          already explicitly excluding 'triton._C' via
          `find_namespace_packages(...)/find_namespace` or `find_packages(...)/find`,
          you can try to use `exclude_package_data`, or `include-package-data=False` in
          combination with a more fine grained `package-data` configuration.

          You can read more about "package data files" on setuptools documentation page:

          - https://setuptools.pypa.io/en/latest/userguide/datafiles.html


          [^1]: For Python, any directory (with suitable naming) can be imported,
                even if it does not contain any `.py` files.
                On the other hand, currently there is no concept of package data
                directory, all directories are treated like packages.
          ********************************************************************************

  !!
    check.warn(importable)
  /usr/local/lib/python3.12/site-packages/setuptools/command/build_py.py:215: _Warning: Package 'triton._C.libtriton' is absent from the `packages` configuration.
  !!

          ********************************************************************************
          ############################
          # Package would be ignored #
          ############################
          Python recognizes 'triton._C.libtriton' as an importable package[^1],
          but it is absent from setuptools' `packages` configuration.

          This leads to an ambiguous overall configuration. If you want to distribute this
          package, please make sure that 'triton._C.libtriton' is explicitly added
          to the `packages` configuration field.

          Alternatively, you can also rely on setuptools' discovery methods
          (for example by using `find_namespace_packages(...)`/`find_namespace:`
          instead of `find_packages(...)`/`find:`).

          You can read more about "package discovery" on setuptools documentation page:

          - https://setuptools.pypa.io/en/latest/userguide/package_discovery.html

          If you don't want 'triton._C.libtriton' to be distributed and are
          already explicitly excluding 'triton._C.libtriton' via
          `find_namespace_packages(...)/find_namespace` or `find_packages(...)/find`,
          you can try to use `exclude_package_data`, or `include-package-data=False` in
          combination with a more fine grained `package-data` configuration.

          You can read more about "package data files" on setuptools documentation page:

          - https://setuptools.pypa.io/en/latest/userguide/datafiles.html


          [^1]: For Python, any directory (with suitable naming) can be imported,
                even if it does not contain any `.py` files.
                On the other hand, currently there is no concept of package data
                directory, all directories are treated like packages.
          ********************************************************************************

  !!
    check.warn(importable)
  /usr/local/lib/python3.12/site-packages/setuptools/command/build_py.py:215: _Warning: Package 'triton.backends.amd' is absent from the `packages` configuration.
  !!

          ********************************************************************************
          ############################
          # Package would be ignored #
          ############################
          Python recognizes 'triton.backends.amd' as an importable package[^1],
          but it is absent from setuptools' `packages` configuration.

          This leads to an ambiguous overall configuration. If you want to distribute this
          package, please make sure that 'triton.backends.amd' is explicitly added
          to the `packages` configuration field.

          Alternatively, you can also rely on setuptools' discovery methods
          (for example by using `find_namespace_packages(...)`/`find_namespace:`
          instead of `find_packages(...)`/`find:`).

          You can read more about "package discovery" on setuptools documentation page:

          - https://setuptools.pypa.io/en/latest/userguide/package_discovery.html

          If you don't want 'triton.backends.amd' to be distributed and are
          already explicitly excluding 'triton.backends.amd' via
          `find_namespace_packages(...)/find_namespace` or `find_packages(...)/find`,
          you can try to use `exclude_package_data`, or `include-package-data=False` in
          combination with a more fine grained `package-data` configuration.

          You can read more about "package data files" on setuptools documentation page:

          - https://setuptools.pypa.io/en/latest/userguide/datafiles.html


          [^1]: For Python, any directory (with suitable naming) can be imported,
                even if it does not contain any `.py` files.
                On the other hand, currently there is no concept of package data
                directory, all directories are treated like packages.
          ********************************************************************************

  !!
    check.warn(importable)
  /usr/local/lib/python3.12/site-packages/setuptools/command/build_py.py:215: _Warning: Package 'triton.backends.amd.codegen' is absent from the `packages` configuration.
  !!

          ********************************************************************************
          ############################
          # Package would be ignored #
          ############################
          Python recognizes 'triton.backends.amd.codegen' as an importable package[^1],
          but it is absent from setuptools' `packages` configuration.

          This leads to an ambiguous overall configuration. If you want to distribute this
          package, please make sure that 'triton.backends.amd.codegen' is explicitly added
          to the `packages` configuration field.

          Alternatively, you can also rely on setuptools' discovery methods
          (for example by using `find_namespace_packages(...)`/`find_namespace:`
          instead of `find_packages(...)`/`find:`).

          You can read more about "package discovery" on setuptools documentation page:

          - https://setuptools.pypa.io/en/latest/userguide/package_discovery.html

          If you don't want 'triton.backends.amd.codegen' to be distributed and are
          already explicitly excluding 'triton.backends.amd.codegen' via
          `find_namespace_packages(...)/find_namespace` or `find_packages(...)/find`,
          you can try to use `exclude_package_data`, or `include-package-data=False` in
          combination with a more fine grained `package-data` configuration.

          You can read more about "package data files" on setuptools documentation page:

          - https://setuptools.pypa.io/en/latest/userguide/datafiles.html


          [^1]: For Python, any directory (with suitable naming) can be imported,
                even if it does not contain any `.py` files.
                On the other hand, currently there is no concept of package data
                directory, all directories are treated like packages.
          ********************************************************************************

  !!
    check.warn(importable)
  /usr/local/lib/python3.12/site-packages/setuptools/command/build_py.py:215: _Warning: Package 'triton.backends.amd.include' is absent from the `packages` configuration.
  !!

          ********************************************************************************
          ############################
          # Package would be ignored #
          ############################
          Python recognizes 'triton.backends.amd.include' as an importable package[^1],
          but it is absent from setuptools' `packages` configuration.

          This leads to an ambiguous overall configuration. If you want to distribute this
          package, please make sure that 'triton.backends.amd.include' is explicitly added
          to the `packages` configuration field.

          Alternatively, you can also rely on setuptools' discovery methods
          (for example by using `find_namespace_packages(...)`/`find_namespace:`
          instead of `find_packages(...)`/`find:`).

          You can read more about "package discovery" on setuptools documentation page:

          - https://setuptools.pypa.io/en/latest/userguide/package_discovery.html

          If you don't want 'triton.backends.amd.include' to be distributed and are
          already explicitly excluding 'triton.backends.amd.include' via
          `find_namespace_packages(...)/find_namespace` or `find_packages(...)/find`,
          you can try to use `exclude_package_data`, or `include-package-data=False` in
          combination with a more fine grained `package-data` configuration.

          You can read more about "package data files" on setuptools documentation page:

          - https://setuptools.pypa.io/en/latest/userguide/datafiles.html


          [^1]: For Python, any directory (with suitable naming) can be imported,
                even if it does not contain any `.py` files.
                On the other hand, currently there is no concept of package data
                directory, all directories are treated like packages.
          ********************************************************************************

  !!
    check.warn(importable)
  /usr/local/lib/python3.12/site-packages/setuptools/command/build_py.py:215: _Warning: Package 'triton.backends.amd.include.hip' is absent from the `packages` configuration.
  !!

          ********************************************************************************
          ############################
          # Package would be ignored #
          ############################
          Python recognizes 'triton.backends.amd.include.hip' as an importable package[^1],
          but it is absent from setuptools' `packages` configuration.

          This leads to an ambiguous overall configuration. If you want to distribute this
          package, please make sure that 'triton.backends.amd.include.hip' is explicitly added
          to the `packages` configuration field.

          Alternatively, you can also rely on setuptools' discovery methods
          (for example by using `find_namespace_packages(...)`/`find_namespace:`
          instead of `find_packages(...)`/`find:`).

          You can read more about "package discovery" on setuptools documentation page:

          - https://setuptools.pypa.io/en/latest/userguide/package_discovery.html

          If you don't want 'triton.backends.amd.include.hip' to be distributed and are
          already explicitly excluding 'triton.backends.amd.include.hip' via
          `find_namespace_packages(...)/find_namespace` or `find_packages(...)/find`,
          you can try to use `exclude_package_data`, or `include-package-data=False` in
          combination with a more fine grained `package-data` configuration.

          You can read more about "package data files" on setuptools documentation page:

          - https://setuptools.pypa.io/en/latest/userguide/datafiles.html


          [^1]: For Python, any directory (with suitable naming) can be imported,
                even if it does not contain any `.py` files.
                On the other hand, currently there is no concept of package data
                directory, all directories are treated like packages.
          ********************************************************************************

  !!
    check.warn(importable)
  /usr/local/lib/python3.12/site-packages/setuptools/command/build_py.py:215: _Warning: Package 'triton.backends.amd.include.hip.amd_detail' is absent from the `packages` configuration.
  !!

          ********************************************************************************
          ############################
          # Package would be ignored #
          ############################
          Python recognizes 'triton.backends.amd.include.hip.amd_detail' as an importable package[^1],
          but it is absent from setuptools' `packages` configuration.

          This leads to an ambiguous overall configuration. If you want to distribute this
          package, please make sure that 'triton.backends.amd.include.hip.amd_detail' is explicitly added
          to the `packages` configuration field.

          Alternatively, you can also rely on setuptools' discovery methods
          (for example by using `find_namespace_packages(...)`/`find_namespace:`
          instead of `find_packages(...)`/`find:`).

          You can read more about "package discovery" on setuptools documentation page:

          - https://setuptools.pypa.io/en/latest/userguide/package_discovery.html

          If you don't want 'triton.backends.amd.include.hip.amd_detail' to be distributed and are
          already explicitly excluding 'triton.backends.amd.include.hip.amd_detail' via
          `find_namespace_packages(...)/find_namespace` or `find_packages(...)/find`,
          you can try to use `exclude_package_data`, or `include-package-data=False` in
          combination with a more fine grained `package-data` configuration.

          You can read more about "package data files" on setuptools documentation page:

          - https://setuptools.pypa.io/en/latest/userguide/datafiles.html


          [^1]: For Python, any directory (with suitable naming) can be imported,
                even if it does not contain any `.py` files.
                On the other hand, currently there is no concept of package data
                directory, all directories are treated like packages.
          ********************************************************************************

  !!
    check.warn(importable)
  /usr/local/lib/python3.12/site-packages/setuptools/command/build_py.py:215: _Warning: Package 'triton.backends.amd.include.hsa' is absent from the `packages` configuration.
  !!

          ********************************************************************************
          ############################
          # Package would be ignored #
          ############################
          Python recognizes 'triton.backends.amd.include.hsa' as an importable package[^1],
          but it is absent from setuptools' `packages` configuration.

          This leads to an ambiguous overall configuration. If you want to distribute this
          package, please make sure that 'triton.backends.amd.include.hsa' is explicitly added
          to the `packages` configuration field.

          Alternatively, you can also rely on setuptools' discovery methods
          (for example by using `find_namespace_packages(...)`/`find_namespace:`
          instead of `find_packages(...)`/`find:`).

          You can read more about "package discovery" on setuptools documentation page:

          - https://setuptools.pypa.io/en/latest/userguide/package_discovery.html

          If you don't want 'triton.backends.amd.include.hsa' to be distributed and are
          already explicitly excluding 'triton.backends.amd.include.hsa' via
          `find_namespace_packages(...)/find_namespace` or `find_packages(...)/find`,
          you can try to use `exclude_package_data`, or `include-package-data=False` in
          combination with a more fine grained `package-data` configuration.

          You can read more about "package data files" on setuptools documentation page:

          - https://setuptools.pypa.io/en/latest/userguide/datafiles.html


          [^1]: For Python, any directory (with suitable naming) can be imported,
                even if it does not contain any `.py` files.
                On the other hand, currently there is no concept of package data
                directory, all directories are treated like packages.
          ********************************************************************************

  !!
    check.warn(importable)
  /usr/local/lib/python3.12/site-packages/setuptools/command/build_py.py:215: _Warning: Package 'triton.backends.amd.include.hsakmt' is absent from the `packages` configuration.
  !!

          ********************************************************************************
          ############################
          # Package would be ignored #
          ############################
          Python recognizes 'triton.backends.amd.include.hsakmt' as an importable package[^1],
          but it is absent from setuptools' `packages` configuration.

          This leads to an ambiguous overall configuration. If you want to distribute this
          package, please make sure that 'triton.backends.amd.include.hsakmt' is explicitly added
          to the `packages` configuration field.

          Alternatively, you can also rely on setuptools' discovery methods
          (for example by using `find_namespace_packages(...)`/`find_namespace:`
          instead of `find_packages(...)`/`find:`).

          You can read more about "package discovery" on setuptools documentation page:

          - https://setuptools.pypa.io/en/latest/userguide/package_discovery.html

          If you don't want 'triton.backends.amd.include.hsakmt' to be distributed and are
          already explicitly excluding 'triton.backends.amd.include.hsakmt' via
          `find_namespace_packages(...)/find_namespace` or `find_packages(...)/find`,
          you can try to use `exclude_package_data`, or `include-package-data=False` in
          combination with a more fine grained `package-data` configuration.

          You can read more about "package data files" on setuptools documentation page:

          - https://setuptools.pypa.io/en/latest/userguide/datafiles.html


          [^1]: For Python, any directory (with suitable naming) can be imported,
                even if it does not contain any `.py` files.
                On the other hand, currently there is no concept of package data
                directory, all directories are treated like packages.
          ********************************************************************************

  !!
    check.warn(importable)
  /usr/local/lib/python3.12/site-packages/setuptools/command/build_py.py:215: _Warning: Package 'triton.backends.amd.include.roctracer' is absent from the `packages` configuration.
  !!

          ********************************************************************************
          ############################
          # Package would be ignored #
          ############################
          Python recognizes 'triton.backends.amd.include.roctracer' as an importable package[^1],
          but it is absent from setuptools' `packages` configuration.

          This leads to an ambiguous overall configuration. If you want to distribute this
          package, please make sure that 'triton.backends.amd.include.roctracer' is explicitly added
          to the `packages` configuration field.

          Alternatively, you can also rely on setuptools' discovery methods
          (for example by using `find_namespace_packages(...)`/`find_namespace:`
          instead of `find_packages(...)`/`find:`).

          You can read more about "package discovery" on setuptools documentation page:

          - https://setuptools.pypa.io/en/latest/userguide/package_discovery.html

          If you don't want 'triton.backends.amd.include.roctracer' to be distributed and are
          already explicitly excluding 'triton.backends.amd.include.roctracer' via
          `find_namespace_packages(...)/find_namespace` or `find_packages(...)/find`,
          you can try to use `exclude_package_data`, or `include-package-data=False` in
          combination with a more fine grained `package-data` configuration.

          You can read more about "package data files" on setuptools documentation page:

          - https://setuptools.pypa.io/en/latest/userguide/datafiles.html


          [^1]: For Python, any directory (with suitable naming) can be imported,
                even if it does not contain any `.py` files.
                On the other hand, currently there is no concept of package data
                directory, all directories are treated like packages.
          ********************************************************************************

  !!
    check.warn(importable)
  /usr/local/lib/python3.12/site-packages/setuptools/command/build_py.py:215: _Warning: Package 'triton.backends.amd.include.roctracer.ext' is absent from the `packages` configuration.
  !!

          ********************************************************************************
          ############################
          # Package would be ignored #
          ############################
          Python recognizes 'triton.backends.amd.include.roctracer.ext' as an importable package[^1],
          but it is absent from setuptools' `packages` configuration.

          This leads to an ambiguous overall configuration. If you want to distribute this
          package, please make sure that 'triton.backends.amd.include.roctracer.ext' is explicitly added
          to the `packages` configuration field.

          Alternatively, you can also rely on setuptools' discovery methods
          (for example by using `find_namespace_packages(...)`/`find_namespace:`
          instead of `find_packages(...)`/`find:`).

          You can read more about "package discovery" on setuptools documentation page:

          - https://setuptools.pypa.io/en/latest/userguide/package_discovery.html

          If you don't want 'triton.backends.amd.include.roctracer.ext' to be distributed and are
          already explicitly excluding 'triton.backends.amd.include.roctracer.ext' via
          `find_namespace_packages(...)/find_namespace` or `find_packages(...)/find`,
          you can try to use `exclude_package_data`, or `include-package-data=False` in
          combination with a more fine grained `package-data` configuration.

          You can read more about "package data files" on setuptools documentation page:

          - https://setuptools.pypa.io/en/latest/userguide/datafiles.html


          [^1]: For Python, any directory (with suitable naming) can be imported,
                even if it does not contain any `.py` files.
                On the other hand, currently there is no concept of package data
                directory, all directories are treated like packages.
          ********************************************************************************

  !!
    check.warn(importable)
  /usr/local/lib/python3.12/site-packages/setuptools/command/build_py.py:215: _Warning: Package 'triton.backends.amd.lib' is absent from the `packages` configuration.
  !!

          ********************************************************************************
          ############################
          # Package would be ignored #
          ############################
          Python recognizes 'triton.backends.amd.lib' as an importable package[^1],
          but it is absent from setuptools' `packages` configuration.

          This leads to an ambiguous overall configuration. If you want to distribute this
          package, please make sure that 'triton.backends.amd.lib' is explicitly added
          to the `packages` configuration field.

          Alternatively, you can also rely on setuptools' discovery methods
          (for example by using `find_namespace_packages(...)`/`find_namespace:`
          instead of `find_packages(...)`/`find:`).

          You can read more about "package discovery" on setuptools documentation page:

          - https://setuptools.pypa.io/en/latest/userguide/package_discovery.html

          If you don't want 'triton.backends.amd.lib' to be distributed and are
          already explicitly excluding 'triton.backends.amd.lib' via
          `find_namespace_packages(...)/find_namespace` or `find_packages(...)/find`,
          you can try to use `exclude_package_data`, or `include-package-data=False` in
          combination with a more fine grained `package-data` configuration.

          You can read more about "package data files" on setuptools documentation page:

          - https://setuptools.pypa.io/en/latest/userguide/datafiles.html


          [^1]: For Python, any directory (with suitable naming) can be imported,
                even if it does not contain any `.py` files.
                On the other hand, currently there is no concept of package data
                directory, all directories are treated like packages.
          ********************************************************************************

  !!
    check.warn(importable)
  /usr/local/lib/python3.12/site-packages/setuptools/command/build_py.py:215: _Warning: Package 'triton.backends.nvidia' is absent from the `packages` configuration.
  !!

          ********************************************************************************
          ############################
          # Package would be ignored #
          ############################
          Python recognizes 'triton.backends.nvidia' as an importable package[^1],
          but it is absent from setuptools' `packages` configuration.

          This leads to an ambiguous overall configuration. If you want to distribute this
          package, please make sure that 'triton.backends.nvidia' is explicitly added
          to the `packages` configuration field.

          Alternatively, you can also rely on setuptools' discovery methods
          (for example by using `find_namespace_packages(...)`/`find_namespace:`
          instead of `find_packages(...)`/`find:`).

          You can read more about "package discovery" on setuptools documentation page:

          - https://setuptools.pypa.io/en/latest/userguide/package_discovery.html

          If you don't want 'triton.backends.nvidia' to be distributed and are
          already explicitly excluding 'triton.backends.nvidia' via
          `find_namespace_packages(...)/find_namespace` or `find_packages(...)/find`,
          you can try to use `exclude_package_data`, or `include-package-data=False` in
          combination with a more fine grained `package-data` configuration.

          You can read more about "package data files" on setuptools documentation page:

          - https://setuptools.pypa.io/en/latest/userguide/datafiles.html


          [^1]: For Python, any directory (with suitable naming) can be imported,
                even if it does not contain any `.py` files.
                On the other hand, currently there is no concept of package data
                directory, all directories are treated like packages.
          ********************************************************************************

  !!
    check.warn(importable)
  /usr/local/lib/python3.12/site-packages/setuptools/command/build_py.py:215: _Warning: Package 'triton.backends.nvidia.bin' is absent from the `packages` configuration.
  !!

          ********************************************************************************
          ############################
          # Package would be ignored #
          ############################
          Python recognizes 'triton.backends.nvidia.bin' as an importable package[^1],
          but it is absent from setuptools' `packages` configuration.

          This leads to an ambiguous overall configuration. If you want to distribute this
          package, please make sure that 'triton.backends.nvidia.bin' is explicitly added
          to the `packages` configuration field.

          Alternatively, you can also rely on setuptools' discovery methods
          (for example by using `find_namespace_packages(...)`/`find_namespace:`
          instead of `find_packages(...)`/`find:`).

          You can read more about "package discovery" on setuptools documentation page:

          - https://setuptools.pypa.io/en/latest/userguide/package_discovery.html

          If you don't want 'triton.backends.nvidia.bin' to be distributed and are
          already explicitly excluding 'triton.backends.nvidia.bin' via
          `find_namespace_packages(...)/find_namespace` or `find_packages(...)/find`,
          you can try to use `exclude_package_data`, or `include-package-data=False` in
          combination with a more fine grained `package-data` configuration.

          You can read more about "package data files" on setuptools documentation page:

          - https://setuptools.pypa.io/en/latest/userguide/datafiles.html


          [^1]: For Python, any directory (with suitable naming) can be imported,
                even if it does not contain any `.py` files.
                On the other hand, currently there is no concept of package data
                directory, all directories are treated like packages.
          ********************************************************************************

  !!
    check.warn(importable)
  /usr/local/lib/python3.12/site-packages/setuptools/command/build_py.py:215: _Warning: Package 'triton.backends.nvidia.include' is absent from the `packages` configuration.
  !!

          ********************************************************************************
          ############################
          # Package would be ignored #
          ############################
          Python recognizes 'triton.backends.nvidia.include' as an importable package[^1],
          but it is absent from setuptools' `packages` configuration.

          This leads to an ambiguous overall configuration. If you want to distribute this
          package, please make sure that 'triton.backends.nvidia.include' is explicitly added
          to the `packages` configuration field.

          Alternatively, you can also rely on setuptools' discovery methods
          (for example by using `find_namespace_packages(...)`/`find_namespace:`
          instead of `find_packages(...)`/`find:`).

          You can read more about "package discovery" on setuptools documentation page:

          - https://setuptools.pypa.io/en/latest/userguide/package_discovery.html

          If you don't want 'triton.backends.nvidia.include' to be distributed and are
          already explicitly excluding 'triton.backends.nvidia.include' via
          `find_namespace_packages(...)/find_namespace` or `find_packages(...)/find`,
          you can try to use `exclude_package_data`, or `include-package-data=False` in
          combination with a more fine grained `package-data` configuration.

          You can read more about "package data files" on setuptools documentation page:

          - https://setuptools.pypa.io/en/latest/userguide/datafiles.html


          [^1]: For Python, any directory (with suitable naming) can be imported,
                even if it does not contain any `.py` files.
                On the other hand, currently there is no concept of package data
                directory, all directories are treated like packages.
          ********************************************************************************

  !!
    check.warn(importable)
  /usr/local/lib/python3.12/site-packages/setuptools/command/build_py.py:215: _Warning: Package 'triton.backends.nvidia.include.Openacc' is absent from the `packages` configuration.
  !!

          ********************************************************************************
          ############################
          # Package would be ignored #
          ############################
          Python recognizes 'triton.backends.nvidia.include.Openacc' as an importable package[^1],
          but it is absent from setuptools' `packages` configuration.

          This leads to an ambiguous overall configuration. If you want to distribute this
          package, please make sure that 'triton.backends.nvidia.include.Openacc' is explicitly added
          to the `packages` configuration field.

          Alternatively, you can also rely on setuptools' discovery methods
          (for example by using `find_namespace_packages(...)`/`find_namespace:`
          instead of `find_packages(...)`/`find:`).

          You can read more about "package discovery" on setuptools documentation page:

          - https://setuptools.pypa.io/en/latest/userguide/package_discovery.html

          If you don't want 'triton.backends.nvidia.include.Openacc' to be distributed and are
          already explicitly excluding 'triton.backends.nvidia.include.Openacc' via
          `find_namespace_packages(...)/find_namespace` or `find_packages(...)/find`,
          you can try to use `exclude_package_data`, or `include-package-data=False` in
          combination with a more fine grained `package-data` configuration.

          You can read more about "package data files" on setuptools documentation page:

          - https://setuptools.pypa.io/en/latest/userguide/datafiles.html


          [^1]: For Python, any directory (with suitable naming) can be imported,
                even if it does not contain any `.py` files.
                On the other hand, currently there is no concept of package data
                directory, all directories are treated like packages.
          ********************************************************************************

  !!
    check.warn(importable)
  /usr/local/lib/python3.12/site-packages/setuptools/command/build_py.py:215: _Warning: Package 'triton.backends.nvidia.include.Openmp' is absent from the `packages` configuration.
  !!

          ********************************************************************************
          ############################
          # Package would be ignored #
          ############################
          Python recognizes 'triton.backends.nvidia.include.Openmp' as an importable package[^1],
          but it is absent from setuptools' `packages` configuration.

          This leads to an ambiguous overall configuration. If you want to distribute this
          package, please make sure that 'triton.backends.nvidia.include.Openmp' is explicitly added
          to the `packages` configuration field.

          Alternatively, you can also rely on setuptools' discovery methods
          (for example by using `find_namespace_packages(...)`/`find_namespace:`
          instead of `find_packages(...)`/`find:`).

          You can read more about "package discovery" on setuptools documentation page:

          - https://setuptools.pypa.io/en/latest/userguide/package_discovery.html

          If you don't want 'triton.backends.nvidia.include.Openmp' to be distributed and are
          already explicitly excluding 'triton.backends.nvidia.include.Openmp' via
          `find_namespace_packages(...)/find_namespace` or `find_packages(...)/find`,
          you can try to use `exclude_package_data`, or `include-package-data=False` in
          combination with a more fine grained `package-data` configuration.

          You can read more about "package data files" on setuptools documentation page:

          - https://setuptools.pypa.io/en/latest/userguide/datafiles.html


          [^1]: For Python, any directory (with suitable naming) can be imported,
                even if it does not contain any `.py` files.
                On the other hand, currently there is no concept of package data
                directory, all directories are treated like packages.
          ********************************************************************************

  !!
    check.warn(importable)
  /usr/local/lib/python3.12/site-packages/setuptools/command/build_py.py:215: _Warning: Package 'triton.backends.nvidia.include.cooperative_groups' is absent from the `packages` configuration.
  !!

          ********************************************************************************
          ############################
          # Package would be ignored #
          ############################
          Python recognizes 'triton.backends.nvidia.include.cooperative_groups' as an importable package[^1],
          but it is absent from setuptools' `packages` configuration.

          This leads to an ambiguous overall configuration. If you want to distribute this
          package, please make sure that 'triton.backends.nvidia.include.cooperative_groups' is explicitly added
          to the `packages` configuration field.

          Alternatively, you can also rely on setuptools' discovery methods
          (for example by using `find_namespace_packages(...)`/`find_namespace:`
          instead of `find_packages(...)`/`find:`).

          You can read more about "package discovery" on setuptools documentation page:

          - https://setuptools.pypa.io/en/latest/userguide/package_discovery.html

          If you don't want 'triton.backends.nvidia.include.cooperative_groups' to be distributed and are
          already explicitly excluding 'triton.backends.nvidia.include.cooperative_groups' via
          `find_namespace_packages(...)/find_namespace` or `find_packages(...)/find`,
          you can try to use `exclude_package_data`, or `include-package-data=False` in
          combination with a more fine grained `package-data` configuration.

          You can read more about "package data files" on setuptools documentation page:

          - https://setuptools.pypa.io/en/latest/userguide/datafiles.html


          [^1]: For Python, any directory (with suitable naming) can be imported,
                even if it does not contain any `.py` files.
                On the other hand, currently there is no concept of package data
                directory, all directories are treated like packages.
          ********************************************************************************

  !!
    check.warn(importable)
  /usr/local/lib/python3.12/site-packages/setuptools/command/build_py.py:215: _Warning: Package 'triton.backends.nvidia.include.cooperative_groups.details' is absent from the `packages` configuration.
  !!

          ********************************************************************************
          ############################
          # Package would be ignored #
          ############################
          Python recognizes 'triton.backends.nvidia.include.cooperative_groups.details' as an importable package[^1],
          but it is absent from setuptools' `packages` configuration.

          This leads to an ambiguous overall configuration. If you want to distribute this
          package, please make sure that 'triton.backends.nvidia.include.cooperative_groups.details' is explicitly added
          to the `packages` configuration field.

          Alternatively, you can also rely on setuptools' discovery methods
          (for example by using `find_namespace_packages(...)`/`find_namespace:`
          instead of `find_packages(...)`/`find:`).

          You can read more about "package discovery" on setuptools documentation page:

          - https://setuptools.pypa.io/en/latest/userguide/package_discovery.html

          If you don't want 'triton.backends.nvidia.include.cooperative_groups.details' to be distributed and are
          already explicitly excluding 'triton.backends.nvidia.include.cooperative_groups.details' via
          `find_namespace_packages(...)/find_namespace` or `find_packages(...)/find`,
          you can try to use `exclude_package_data`, or `include-package-data=False` in
          combination with a more fine grained `package-data` configuration.

          You can read more about "package data files" on setuptools documentation page:

          - https://setuptools.pypa.io/en/latest/userguide/datafiles.html


          [^1]: For Python, any directory (with suitable naming) can be imported,
                even if it does not contain any `.py` files.
                On the other hand, currently there is no concept of package data
                directory, all directories are treated like packages.
          ********************************************************************************

  !!
    check.warn(importable)
  /usr/local/lib/python3.12/site-packages/setuptools/command/build_py.py:215: _Warning: Package 'triton.backends.nvidia.include.crt' is absent from the `packages` configuration.
  !!

          ********************************************************************************
          ############################
          # Package would be ignored #
          ############################
          Python recognizes 'triton.backends.nvidia.include.crt' as an importable package[^1],
          but it is absent from setuptools' `packages` configuration.

          This leads to an ambiguous overall configuration. If you want to distribute this
          package, please make sure that 'triton.backends.nvidia.include.crt' is explicitly added
          to the `packages` configuration field.

          Alternatively, you can also rely on setuptools' discovery methods
          (for example by using `find_namespace_packages(...)`/`find_namespace:`
          instead of `find_packages(...)`/`find:`).

          You can read more about "package discovery" on setuptools documentation page:

          - https://setuptools.pypa.io/en/latest/userguide/package_discovery.html

          If you don't want 'triton.backends.nvidia.include.crt' to be distributed and are
          already explicitly excluding 'triton.backends.nvidia.include.crt' via
          `find_namespace_packages(...)/find_namespace` or `find_packages(...)/find`,
          you can try to use `exclude_package_data`, or `include-package-data=False` in
          combination with a more fine grained `package-data` configuration.

          You can read more about "package data files" on setuptools documentation page:

          - https://setuptools.pypa.io/en/latest/userguide/datafiles.html


          [^1]: For Python, any directory (with suitable naming) can be imported,
                even if it does not contain any `.py` files.
                On the other hand, currently there is no concept of package data
                directory, all directories are treated like packages.
          ********************************************************************************

  !!
    check.warn(importable)
  /usr/local/lib/python3.12/site-packages/setuptools/command/build_py.py:215: _Warning: Package 'triton.backends.nvidia.lib' is absent from the `packages` configuration.
  !!

          ********************************************************************************
          ############################
          # Package would be ignored #
          ############################
          Python recognizes 'triton.backends.nvidia.lib' as an importable package[^1],
          but it is absent from setuptools' `packages` configuration.

          This leads to an ambiguous overall configuration. If you want to distribute this
          package, please make sure that 'triton.backends.nvidia.lib' is explicitly added
          to the `packages` configuration field.

          Alternatively, you can also rely on setuptools' discovery methods
          (for example by using `find_namespace_packages(...)`/`find_namespace:`
          instead of `find_packages(...)`/`find:`).

          You can read more about "package discovery" on setuptools documentation page:

          - https://setuptools.pypa.io/en/latest/userguide/package_discovery.html

          If you don't want 'triton.backends.nvidia.lib' to be distributed and are
          already explicitly excluding 'triton.backends.nvidia.lib' via
          `find_namespace_packages(...)/find_namespace` or `find_packages(...)/find`,
          you can try to use `exclude_package_data`, or `include-package-data=False` in
          combination with a more fine grained `package-data` configuration.

          You can read more about "package data files" on setuptools documentation page:

          - https://setuptools.pypa.io/en/latest/userguide/datafiles.html


          [^1]: For Python, any directory (with suitable naming) can be imported,
                even if it does not contain any `.py` files.
                On the other hand, currently there is no concept of package data
                directory, all directories are treated like packages.
          ********************************************************************************

  !!
    check.warn(importable)
  /usr/local/lib/python3.12/site-packages/setuptools/command/build_py.py:215: _Warning: Package 'triton.backends.nvidia.lib.cupti' is absent from the `packages` configuration.
  !!

          ********************************************************************************
          ############################
          # Package would be ignored #
          ############################
          Python recognizes 'triton.backends.nvidia.lib.cupti' as an importable package[^1],
          but it is absent from setuptools' `packages` configuration.

          This leads to an ambiguous overall configuration. If you want to distribute this
          package, please make sure that 'triton.backends.nvidia.lib.cupti' is explicitly added
          to the `packages` configuration field.

          Alternatively, you can also rely on setuptools' discovery methods
          (for example by using `find_namespace_packages(...)`/`find_namespace:`
          instead of `find_packages(...)`/`find:`).

          You can read more about "package discovery" on setuptools documentation page:

          - https://setuptools.pypa.io/en/latest/userguide/package_discovery.html

          If you don't want 'triton.backends.nvidia.lib.cupti' to be distributed and are
          already explicitly excluding 'triton.backends.nvidia.lib.cupti' via
          `find_namespace_packages(...)/find_namespace` or `find_packages(...)/find`,
          you can try to use `exclude_package_data`, or `include-package-data=False` in
          combination with a more fine grained `package-data` configuration.

          You can read more about "package data files" on setuptools documentation page:

          - https://setuptools.pypa.io/en/latest/userguide/datafiles.html


          [^1]: For Python, any directory (with suitable naming) can be imported,
                even if it does not contain any `.py` files.
                On the other hand, currently there is no concept of package data
                directory, all directories are treated like packages.
          ********************************************************************************

  !!
    check.warn(importable)
  /usr/local/lib/python3.12/site-packages/setuptools/command/build_py.py:215: _Warning: Package 'triton.experimental.gsan.src' is absent from the `packages` configuration.
  !!

          ********************************************************************************
          ############################
          # Package would be ignored #
          ############################
          Python recognizes 'triton.experimental.gsan.src' as an importable package[^1],
          but it is absent from setuptools' `packages` configuration.

          This leads to an ambiguous overall configuration. If you want to distribute this
          package, please make sure that 'triton.experimental.gsan.src' is explicitly added
          to the `packages` configuration field.

          Alternatively, you can also rely on setuptools' discovery methods
          (for example by using `find_namespace_packages(...)`/`find_namespace:`
          instead of `find_packages(...)`/`find:`).

          You can read more about "package discovery" on setuptools documentation page:

          - https://setuptools.pypa.io/en/latest/userguide/package_discovery.html

          If you don't want 'triton.experimental.gsan.src' to be distributed and are
          already explicitly excluding 'triton.experimental.gsan.src' via
          `find_namespace_packages(...)/find_namespace` or `find_packages(...)/find`,
          you can try to use `exclude_package_data`, or `include-package-data=False` in
          combination with a more fine grained `package-data` configuration.

          You can read more about "package data files" on setuptools documentation page:

          - https://setuptools.pypa.io/en/latest/userguide/datafiles.html


          [^1]: For Python, any directory (with suitable naming) can be imported,
                even if it does not contain any `.py` files.
                On the other hand, currently there is no concept of package data
                directory, all directories are treated like packages.
          ********************************************************************************

  !!
    check.warn(importable)
  /usr/local/lib/python3.12/site-packages/setuptools/command/build_py.py:215: _Warning: Package 'triton.instrumentation' is absent from the `packages` configuration.
  !!

          ********************************************************************************
          ############################
          # Package would be ignored #
          ############################
          Python recognizes 'triton.instrumentation' as an importable package[^1],
          but it is absent from setuptools' `packages` configuration.

          This leads to an ambiguous overall configuration. If you want to distribute this
          package, please make sure that 'triton.instrumentation' is explicitly added
          to the `packages` configuration field.

          Alternatively, you can also rely on setuptools' discovery methods
          (for example by using `find_namespace_packages(...)`/`find_namespace:`
          instead of `find_packages(...)`/`find:`).

          You can read more about "package discovery" on setuptools documentation page:

          - https://setuptools.pypa.io/en/latest/userguide/package_discovery.html

          If you don't want 'triton.instrumentation' to be distributed and are
          already explicitly excluding 'triton.instrumentation' via
          `find_namespace_packages(...)/find_namespace` or `find_packages(...)/find`,
          you can try to use `exclude_package_data`, or `include-package-data=False` in
          combination with a more fine grained `package-data` configuration.

          You can read more about "package data files" on setuptools documentation page:

          - https://setuptools.pypa.io/en/latest/userguide/datafiles.html


          [^1]: For Python, any directory (with suitable naming) can be imported,
                even if it does not contain any `.py` files.
                On the other hand, currently there is no concept of package data
                directory, all directories are treated like packages.
          ********************************************************************************

  !!
    check.warn(importable)
  /usr/local/lib/python3.12/site-packages/setuptools/command/build_py.py:215: _Warning: Package 'triton.language.extra.cuda' is absent from the `packages` configuration.
  !!

          ********************************************************************************
          ############################
          # Package would be ignored #
          ############################
          Python recognizes 'triton.language.extra.cuda' as an importable package[^1],
          but it is absent from setuptools' `packages` configuration.

          This leads to an ambiguous overall configuration. If you want to distribute this
          package, please make sure that 'triton.language.extra.cuda' is explicitly added
          to the `packages` configuration field.

          Alternatively, you can also rely on setuptools' discovery methods
          (for example by using `find_namespace_packages(...)`/`find_namespace:`
          instead of `find_packages(...)`/`find:`).

          You can read more about "package discovery" on setuptools documentation page:

          - https://setuptools.pypa.io/en/latest/userguide/package_discovery.html

          If you don't want 'triton.language.extra.cuda' to be distributed and are
          already explicitly excluding 'triton.language.extra.cuda' via
          `find_namespace_packages(...)/find_namespace` or `find_packages(...)/find`,
          you can try to use `exclude_package_data`, or `include-package-data=False` in
          combination with a more fine grained `package-data` configuration.

          You can read more about "package data files" on setuptools documentation page:

          - https://setuptools.pypa.io/en/latest/userguide/datafiles.html


          [^1]: For Python, any directory (with suitable naming) can be imported,
                even if it does not contain any `.py` files.
                On the other hand, currently there is no concept of package data
                directory, all directories are treated like packages.
          ********************************************************************************

  !!
    check.warn(importable)
  /usr/local/lib/python3.12/site-packages/setuptools/command/build_py.py:215: _Warning: Package 'triton.language.extra.hip' is absent from the `packages` configuration.
  !!

          ********************************************************************************
          ############################
          # Package would be ignored #
          ############################
          Python recognizes 'triton.language.extra.hip' as an importable package[^1],
          but it is absent from setuptools' `packages` configuration.

          This leads to an ambiguous overall configuration. If you want to distribute this
          package, please make sure that 'triton.language.extra.hip' is explicitly added
          to the `packages` configuration field.

          Alternatively, you can also rely on setuptools' discovery methods
          (for example by using `find_namespace_packages(...)`/`find_namespace:`
          instead of `find_packages(...)`/`find:`).

          You can read more about "package discovery" on setuptools documentation page:

          - https://setuptools.pypa.io/en/latest/userguide/package_discovery.html

          If you don't want 'triton.language.extra.hip' to be distributed and are
          already explicitly excluding 'triton.language.extra.hip' via
          `find_namespace_packages(...)/find_namespace` or `find_packages(...)/find`,
          you can try to use `exclude_package_data`, or `include-package-data=False` in
          combination with a more fine grained `package-data` configuration.

          You can read more about "package data files" on setuptools documentation page:

          - https://setuptools.pypa.io/en/latest/userguide/datafiles.html


          [^1]: For Python, any directory (with suitable naming) can be imported,
                even if it does not contain any `.py` files.
                On the other hand, currently there is no concept of package data
                directory, all directories are treated like packages.
          ********************************************************************************

  !!
    check.warn(importable)
  /usr/local/lib/python3.12/site-packages/setuptools/command/build_py.py:215: _Warning: Package 'triton.profiler' is absent from the `packages` configuration.
  !!

          ********************************************************************************
          ############################
          # Package would be ignored #
          ############################
          Python recognizes 'triton.profiler' as an importable package[^1],
          but it is absent from setuptools' `packages` configuration.

          This leads to an ambiguous overall configuration. If you want to distribute this
          package, please make sure that 'triton.profiler' is explicitly added
          to the `packages` configuration field.

          Alternatively, you can also rely on setuptools' discovery methods
          (for example by using `find_namespace_packages(...)`/`find_namespace:`
          instead of `find_packages(...)`/`find:`).

          You can read more about "package discovery" on setuptools documentation page:

          - https://setuptools.pypa.io/en/latest/userguide/package_discovery.html

          If you don't want 'triton.profiler' to be distributed and are
          already explicitly excluding 'triton.profiler' via
          `find_namespace_packages(...)/find_namespace` or `find_packages(...)/find`,
          you can try to use `exclude_package_data`, or `include-package-data=False` in
          combination with a more fine grained `package-data` configuration.

          You can read more about "package data files" on setuptools documentation page:

          - https://setuptools.pypa.io/en/latest/userguide/datafiles.html


          [^1]: For Python, any directory (with suitable naming) can be imported,
                even if it does not contain any `.py` files.
                On the other hand, currently there is no concept of package data
                directory, all directories are treated like packages.
          ********************************************************************************

  !!
    check.warn(importable)
  /usr/local/lib/python3.12/site-packages/setuptools/command/build_py.py:215: _Warning: Package 'triton.profiler.hooks' is absent from the `packages` configuration.
  !!

          ********************************************************************************
          ############################
          # Package would be ignored #
          ############################
          Python recognizes 'triton.profiler.hooks' as an importable package[^1],
          but it is absent from setuptools' `packages` configuration.

          This leads to an ambiguous overall configuration. If you want to distribute this
          package, please make sure that 'triton.profiler.hooks' is explicitly added
          to the `packages` configuration field.

          Alternatively, you can also rely on setuptools' discovery methods
          (for example by using `find_namespace_packages(...)`/`find_namespace:`
          instead of `find_packages(...)`/`find:`).

          You can read more about "package discovery" on setuptools documentation page:

          - https://setuptools.pypa.io/en/latest/userguide/package_discovery.html

          If you don't want 'triton.profiler.hooks' to be distributed and are
          already explicitly excluding 'triton.profiler.hooks' via
          `find_namespace_packages(...)/find_namespace` or `find_packages(...)/find`,
          you can try to use `exclude_package_data`, or `include-package-data=False` in
          combination with a more fine grained `package-data` configuration.

          You can read more about "package data files" on setuptools documentation page:

          - https://setuptools.pypa.io/en/latest/userguide/datafiles.html


          [^1]: For Python, any directory (with suitable naming) can be imported,
                even if it does not contain any `.py` files.
                On the other hand, currently there is no concept of package data
                directory, all directories are treated like packages.
          ********************************************************************************

  !!
    check.warn(importable)
  /usr/local/lib/python3.12/site-packages/setuptools/command/build_py.py:215: _Warning: Package 'triton.tools.extra.cuda' is absent from the `packages` configuration.
  !!

          ********************************************************************************
          ############################
          # Package would be ignored #
          ############################
          Python recognizes 'triton.tools.extra.cuda' as an importable package[^1],
          but it is absent from setuptools' `packages` configuration.

          This leads to an ambiguous overall configuration. If you want to distribute this
          package, please make sure that 'triton.tools.extra.cuda' is explicitly added
          to the `packages` configuration field.

          Alternatively, you can also rely on setuptools' discovery methods
          (for example by using `find_namespace_packages(...)`/`find_namespace:`
          instead of `find_packages(...)`/`find:`).

          You can read more about "package discovery" on setuptools documentation page:

          - https://setuptools.pypa.io/en/latest/userguide/package_discovery.html

          If you don't want 'triton.tools.extra.cuda' to be distributed and are
          already explicitly excluding 'triton.tools.extra.cuda' via
          `find_namespace_packages(...)/find_namespace` or `find_packages(...)/find`,
          you can try to use `exclude_package_data`, or `include-package-data=False` in
          combination with a more fine grained `package-data` configuration.

          You can read more about "package data files" on setuptools documentation page:

          - https://setuptools.pypa.io/en/latest/userguide/datafiles.html


          [^1]: For Python, any directory (with suitable naming) can be imported,
                even if it does not contain any `.py` files.
                On the other hand, currently there is no concept of package data
                directory, all directories are treated like packages.
          ********************************************************************************

  !!
    check.warn(importable)
  /usr/local/lib/python3.12/site-packages/setuptools/command/build_py.py:215: _Warning: Package 'triton.tools.extra.hip' is absent from the `packages` configuration.
  !!

          ********************************************************************************
          ############################
          # Package would be ignored #
          ############################
          Python recognizes 'triton.tools.extra.hip' as an importable package[^1],
          but it is absent from setuptools' `packages` configuration.

          This leads to an ambiguous overall configuration. If you want to distribute this
          package, please make sure that 'triton.tools.extra.hip' is explicitly added
          to the `packages` configuration field.

          Alternatively, you can also rely on setuptools' discovery methods
          (for example by using `find_namespace_packages(...)`/`find_namespace:`
          instead of `find_packages(...)`/`find:`).

          You can read more about "package discovery" on setuptools documentation page:

          - https://setuptools.pypa.io/en/latest/userguide/package_discovery.html

          If you don't want 'triton.tools.extra.hip' to be distributed and are
          already explicitly excluding 'triton.tools.extra.hip' via
          `find_namespace_packages(...)/find_namespace` or `find_packages(...)/find`,
          you can try to use `exclude_package_data`, or `include-package-data=False` in
          combination with a more fine grained `package-data` configuration.

          You can read more about "package data files" on setuptools documentation page:

          - https://setuptools.pypa.io/en/latest/userguide/datafiles.html


          [^1]: For Python, any directory (with suitable naming) can be imported,
                even if it does not contain any `.py` files.
                On the other hand, currently there is no concept of package data
                directory, all directories are treated like packages.
          ********************************************************************************

  !!
    check.warn(importable)
  Editable install will be performed using a meta path finder.

  Options like `package-data`, `include/exclude-package-data` or
  `packages.find.exclude/include` may have no effect.

  adding '__editable___triton_3_9_0_finder.py'
  adding '__editable__.triton-3.9.0.pth'
  creating '/tmp/pip-wheel-qb6946iq/.tmp-s60ubx99/triton-3.9.0-0.editable-cp312-cp312-linux_x86_64.whl' and adding '/tmp/tmpphayh5tutriton-3.9.0-0.editable-cp312-cp312-linux_x86_64.whl' to it
  adding 'triton-3.9.0.dist-info/licenses/LICENSE'
  adding 'triton-3.9.0.dist-info/METADATA'
  adding 'triton-3.9.0.dist-info/WHEEL'
  adding 'triton-3.9.0.dist-info/entry_points.txt'
  adding 'triton-3.9.0.dist-info/top_level.txt'
  adding 'triton-3.9.0.dist-info/RECORD'
  /usr/local/lib/python3.12/site-packages/setuptools/command/editable_wheel.py:354: InformationOnly: Editable installation.
  !!

          ********************************************************************************
          Please be careful with folders in your working directory with the same
          name as your package as they may take precedence during imports.
          ********************************************************************************

  !!
    with strategy, WheelFile(wheel_path, "w") as wheel_obj:
  Building editable for triton (pyproject.toml): finished with status 'done'
  Created wheel for triton: filename=triton-3.9.0-0.editable-cp312-cp312-linux_x86_64.whl size=4180 sha256=340cbd4dd2e02f63d0c5a0e50cb9adfaa7db67d83b2a97d980655a398798c0d4
  Stored in directory: /tmp/pip-ephem-wheel-cache-__swlfp5/wheels/b6/93/78/e543c64cd1eb8b85f461ea7afa6423e50091a99e91f7fcd6ff
Successfully built triton
Installing collected packages: triton
  Attempting uninstall: triton
    Found existing installation: triton 3.9.0
    Uninstalling triton-3.9.0:
      Removing file or directory /usr/local/bin/proton
      Removing file or directory /usr/local/bin/proton-viewer
      Removing file or directory /usr/local/lib/python3.12/site-packages/__editable__.triton-3.9.0.pth
      Removing file or directory /usr/local/lib/python3.12/site-packages/__editable___triton_3_9_0_finder.py
      Removing file or directory /usr/local/lib/python3.12/site-packages/__pycache__/__editable___triton_3_9_0_finder.cpython-312.pyc
      Removing file or directory /usr/local/lib/python3.12/site-packages/triton-3.9.0.dist-info/
      Successfully uninstalled triton-3.9.0
  changing mode of /usr/local/bin/proton to 755
  changing mode of /usr/local/bin/proton-viewer to 755
ERROR: pip's dependency resolver does not currently take into account all the packages that are installed. This behaviour is the source of the following dependency conflicts.
torch 2.14.1 requires triton~=3.8.0; platform_system == "Linux" and python_version < "3.15", but you have triton 3.9.0 which is incompatible.
Successfully installed triton-3.9.0

[notice] A new release of pip is available: 23.3.2 -> 26.2.1
[notice] To update, run: pip install --upgrade pip
